d1m5ns_	d1m5ns_
d1ukla_	d1m5ns_
d1b3ub_	d1m5ns_
d5gz2a_	d5gz2a_
d4g36b_	d5gz2a_
d1ry2a_	d5gz2a_
d6vhva_	d5gz2a_
d3v6pa_	d3v6pa_
d3v6ta_	d3v6pa_
d2kq5a_	d3v6pa_
d1io1a_	d1io1a_
d1ucua_	d1io1a_
d1w9cb_	d1w9cb_
d3gb8a_	d1w9cb_
d1siga1	d1siga1
d4jk1x3	d1siga1
d5tmff1	d1siga1
d2ondb_	d2ondb_
d2ooea1	d2ondb_
d3lq6b_	d3lq6b_
d6s6lb_	d3lq6b_
d6p4lb_	d3lq6b_
d1pjra2	d1pjra2
g1qhh.1	d1pjra2
d1uaaa1	d1pjra2
d1w36e1	d1pjra2
d1w36b2	d1pjra2
d1ofha_	d1ofha_
d1im2a_	d1ofha_
d1lv7a_	d1ofha_
d3cf0j_	d1ofha_
d1d2na_	d1ofha_
d1sxjc2	d1ofha_
d1ksfx3	d1ofha_
d1qaja_	d1qaja_
d4mh8a_	d1qaja_
d5c24a1	d1qaja_
d1hara_	d1qaja_
d4or9a_	d4or9a_
d6tz6a_	d4or9a_
d1s70a_	d4or9a_
d1g5bc_	d4or9a_
d1p89a_	d1p89a_
d1epsa_	d1p89a_
d1fs2c2	d1fs2c2
d1fqva2	d1fs2c2
d4d3ed_	d4d3ed_
d5vxja_	d4d3ed_
d2izpa_	d4d3ed_
d5aofa1	d5aofa1
d1s3rb1	d5aofa1
d3cqfb2	d5aofa1
d3nkeb_	d3nkeb_
d4p6if_	d3nkeb_
d1ajoa_	d1ajoa_
d1ajka_	d1ajoa_
d1gbga_	d1ajoa_
d1umza_	d1ajoa_
d1z1gd2	d1z1gd2
d1z1bb2	d1z1gd2
d1pcxa2	d1pcxa2
d1m2vb2	d1pcxa2
d1gxjb_	d1gxjb_
d1gxla_	d1gxjb_
d3l51b1	d1gxjb_
d1xpha_	d1xpha_
d1sl6f_	d1xpha_
d3bdwd_	d1xpha_
d1lita_	d1xpha_
d3alua_	d1xpha_
d5qyfb2	d5qyfb2
d4i43a2	d5qyfb2
d1r4ka_	d1r4ka_
d4krfa1	d1r4ka_
d1si2a1	d1r4ka_
d1r6zz1	d1r4ka_
d1js9a_	d1js9a_
d1js9c_	d1js9a_
d1jqlb_	d1jqlb_
d1xxhf2	d1jqlb_
d3bwrb_	d3bwrb_
d1side_	d3bwrb_
d6uqee1	d6uqee1
d1qvrc2	d6uqee1
d2p65a_	d6uqee1
d1y8na2	d1y8na2
d1y8oa3	d1y8na2
d1gjva2	d1y8na2
d6uvgj_	d6uvgj_
d1bxla1	d6uvgj_
d5w63a_	d6uvgj_
d4bduc2	d6uvgj_
d2imsa_	d6uvgj_
d5wdda_	d6uvgj_
d1k3ka_	d6uvgj_
d4kbqb_	d4kbqb_
d2c2lc1	d4kbqb_
d2f42a1	d4kbqb_
d1a17a_	d4kbqb_
d7beva1	d4kbqb_
d3rkva_	d4kbqb_
d6px0a_	d4kbqb_
d2fbnb_	d4kbqb_
d1p5qc1	d4kbqb_
d1ihga1	d4kbqb_
d1iipa1	d4kbqb_
d2if4a2	d4kbqb_
d3eska1	d4kbqb_
d5ganj_	d5ganj_
d5o9zg_	d5ganj_
d1kzja_	d1kzja_
d2oipa2	d1kzja_
d1b5db_	d1kzja_
d6byqa1	d6byqa1
d1h3fb1	d6byqa1
d7jzja1	d7jzja1
d4ldma_	d7jzja1
d2qeqb2	d2qeqb2
d2v8oa2	d2qeqb2
d2bhrb2	d2qeqb2
d2v6ia1	d2qeqb2
d1onba_	d1onba_
d1cu1a3	d1onba_
d1oyya3	d1onba_
d2hjvb_	d1onba_
d1wp9c2	d1onba_
d4a2pa2	d1onba_
d6p66a2	d1onba_
d1gm5a4	d1onba_
d1t5lb2	d1onba_
d2p6ua4	d1onba_
d2a5gb_	d2a5gb_
g1tii.1	d2a5gb_
d4z9ca_	d2a5gb_
d1q2za_	d1q2za_
d1rw2a1	d1q2za_
d1epwa3	d1epwa3
d2fpqa1	d1epwa3
d2xhlb1	d1epwa3
d1orsc1	d1orsc1
d2a0la1	d1orsc1
d1f6ga_	d1orsc1
d1r3ic_	d1orsc1
d2h8pc1	d1orsc1
d1jq1b_	d1orsc1
d1p7ba2	d1orsc1
d1lnqh2	d1orsc1
d5h1da_	d5h1da_
d1doab_	d5h1da_
d3ptrb_	d3ptrb_
d2yu1a_	d3ptrb_
d1colb_	d1colb_
d1a87a_	d1colb_
d4b0ed_	d4b0ed_
d4b0ma_	d4b0ed_
d4hgmb3	d4hgmb3
d7jwna3	d4hgmb3
d1hxia_	d1hxia_
d3cv0a1	d1hxia_
d4zhwa_	d4zhwa_
d4zhva_	d4zhwa_
d1e2ra1	d1e2ra1
d1qksa1	d1e2ra1
d1nz6b_	d1nz6b_
d1n4ca1	d1nz6b_
d1vkaa1	d1vkaa1
d1v5ka1	d1vkaa1
d1tkna_	d1tkna_
d4yn0b_	d1tkna_
d2pqra_	d2pqra_
d2pqna_	d2pqra_
d1iyga1	d2pqra_
d3se5c_	d3se5c_
d6ep2k1	d3se5c_
d1h8gb_	d1h8gb_
d4iwta_	d1h8gb_
d2biba1	d1h8gb_
d1h2vz_	d1h2vz_
d1h2ux_	d1h2vz_
d2myfa1	d1h2vz_
d5kwqa1	d1h2vz_
d1hl6c_	d1h2vz_
d1oo0b_	d1h2vz_
d1u6fa1	d1h2vz_
d2mgzb1	d1h2vz_
d1wtba_	d1h2vz_
d5d78a1	d1h2vz_
d2cpfa1	d1h2vz_
d2fc9a1	d1h2vz_
d2cpda1	d1h2vz_
d1no8a_	d1h2vz_
d2mzqa1	d1h2vz_
d1x4ha1	d1h2vz_
d1wf2a1	d1h2vz_
d2n3la1	d1h2vz_
d3lqvb_	d1h2vz_
d2cpxa1	d1h2vz_
d1dz5b_	d1h2vz_
d5gmka_	d1h2vz_
d2evza1	d1h2vz_
d2rs8a1	d1h2vz_
d2dgpa1	d1h2vz_
d3b4da_	d1h2vz_
d2mzra1	d1h2vz_
d2mzsa1	d1h2vz_
d2dh9a1	d1h2vz_
d2o3da1	d1h2vz_
d2ghpf2	d1h2vz_
d4yuda1	d1h2vz_
d1x5oa1	d1h2vz_
d1x4ea1	d1h2vz_
d5w0ga1	d1h2vz_
d1x4ga1	d1h2vz_
d2diva1	d1h2vz_
d2lc7a_	d2lc7a_
d2lc6a1	d2lc7a_
d1uf1a1	d2lc7a_
d1wi2a1	d2lc7a_
d3tsva_	d2lc7a_
d5mz7a_	d2lc7a_
d1uita1	d2lc7a_
d2kg2a1	d2lc7a_
d1n7ta1	d2lc7a_
d2daza1	d2lc7a_
d2r4ha1	d2lc7a_
d2kpka1	d2lc7a_
d1wifa1	d2lc7a_
d1qaua_	d2lc7a_
d6gbda1	d2lc7a_
d5jd8a2	d2lc7a_
d2p3wb1	d2lc7a_
d3pv4a1	d2lc7a_
d1u3ba1	d2lc7a_
d3axab_	d2lc7a_
d2k20a_	d2lc7a_
d2o2tb1	d2lc7a_
d1p1da2	d2lc7a_
d1wi4a1	d2lc7a_
d2d92a1	d2lc7a_
d2dmza1	d2lc7a_
d2yuya1	d2lc7a_
d1u3ba2	d2lc7a_
d1n99a2	d2lc7a_
d6y38b_	d2lc7a_
d2cssa1	d2lc7a_
d3o46a_	d2lc7a_
d6x1na_	d2lc7a_
d1i16a_	d2lc7a_
d1v5la1	d2lc7a_
d2vpha1	d2lc7a_
d1v1ta1	d2lc7a_
d4q2pc_	d2lc7a_
d3bpua1	d2lc7a_
d2r2qa1	d2r2qa1
d7brua1	d2r2qa1
d2y4pb_	d2y4pb_
d1koaa2	d2y4pb_
d4tyha_	d2y4pb_
d2wqna_	d2y4pb_
d2rioa_	d2y4pb_
d4qnyb_	d2y4pb_
d3dlsb_	d2y4pb_
d5xkaa_	d2y4pb_
d6cmma_	d2y4pb_
d2hxjb_	d2hxjb_
d3mw6d1	d2hxjb_
d1djga1	d1djga1
d1djgb1	d1djga1
d5y4fa_	d5y4fa_
d5vkqa1	d5y4fa_
d4hlla_	d5y4fa_
d2l6ba1	d5y4fa_
d2kxpc_	d5y4fa_
d3so8a_	d5y4fa_
d1wdya_	d5y4fa_
d2f8ya_	d5y4fa_
d1nfif_	d5y4fa_
d2dzoa_	d5y4fa_
d3eu9a1	d5y4fa_
d4uuca_	d5y4fa_
d7kb2a1	d5y4fa_
d5z2mb1	d5y4fa_
d4a63b1	d5y4fa_
d3depa2	d5y4fa_
d5d66a1	d5y4fa_
d1a5ea_	d5y4fa_
d3hraa2	d5y4fa_
d2b0og2	d5y4fa_
d1qk9a_	d1qk9a_
d1ub1a_	d1qk9a_
d3vyqd_	d1qk9a_
d2mb7a1	d1qk9a_
d2j8ib2	d2j8ib2
d2j8ka1	d2j8ib2
d1s78a4	d1s78a4
d6j71a4	d1s78a4
d1m6ba4	d1s78a4
d1ivoa4	d1s78a4
d3c09d2	d1s78a4
d6kbia2	d1s78a4
d3h3bb2	d1s78a4
d5gouo_	d5gouo_
d3sh6a_	d5gouo_
d4ismd_	d5gouo_
d2lq7a1	d2lq7a1
d3dbhd1	d2lq7a1
d1zud1_	d2lq7a1
d1e5xa_	d1e5xa_
d1uiqc_	d1e5xa_
d2rkbe_	d1e5xa_
d2o2eb_	d1e5xa_
d1t11b1	d1t11b1
d2mlxa3	d1t11b1
d3cglf_	d3cglf_
d6u1aa_	d3cglf_
d4lw5b_	d3cglf_
d2dd9b_	d3cglf_
d2oeoa_	d2oeoa_
d2f3va_	d2oeoa_
d1rjlc_	d1rjlc_
d1p4pa_	d1rjlc_
d1ospo_	d1rjlc_
d5ylta1	d5ylta1
d1n6ca1	d5ylta1
d1jrua_	d1jrua_
d1s3sh_	d1jrua_
d1s3si_	d1jrua_
d6y41g_	d6y41g_
d1fzdd_	d6y41g_
d1s94b_	d1s94b_
d4jehb_	d1s94b_
d5lg4a1	d1s94b_
d1jbja2	d1jbja2
d1xmwa1	d1jbja2
d1i50a_	d1i50a_
d5tmfd_	d1i50a_
d1qc7b_	d1qc7b_
d1lkvx_	d1qc7b_
d3u8ea_	d3u8ea_
d1cjla_	d3u8ea_
d4bpvk_	d3u8ea_
d3pbha_	d3u8ea_
d1deub_	d3u8ea_
d1xkga1	d3u8ea_
d2rf4a2	d2rf4a2
d4c3hg2	d2rf4a2
d3o1fb_	d3o1fb_
d3o2bc_	d3o1fb_
d5eo6a_	d5eo6a_
d1tk1a_	d5eo6a_
d1ofwa_	d1ofwa_
d1z1nx_	d1ofwa_
d3cara_	d1ofwa_
d1ehja_	d1ofwa_
d1it1a_	d1ofwa_
d1gyoa_	d1ofwa_
d1srva_	d1srva_
d5cdka1	d1srva_
d1khxa_	d1khxa_
d1dd1c_	d1khxa_
d1wj4a1	d1wj4a1
d5x3pa_	d1wj4a1
d5umnb_	d5umnb_
d7a9da1	d5umnb_
d3nz4a_	d3nz4a_
d1gk2d_	d3nz4a_
d1z01d2	d1z01d2
d3gcfj2	d1z01d2
d3ze3c_	d3ze3c_
d4uxwb_	d3ze3c_
d7b7uf_	d7b7uf_
d1qkla_	d7b7uf_
d4c3if_	d7b7uf_
d3irhb_	d3irhb_
d2heka1	d3irhb_
d1vaza_	d1vaza_
d1ss6a1	d1vaza_
d3ibyc_	d3ibyc_
d2wjga_	d3ibyc_
d1wxqa1	d3ibyc_
d1puja_	d3ibyc_
d1c06a_	d1c06a_
d2i2pd1	d1c06a_
d6k00d2	d6k00d2
d1kx5g_	d6k00d2
d1q9cd_	d6k00d2
d1q38a1	d1q38a1
d1owwa_	d1q38a1
d4lxob1	d1q38a1
d1fnfa1	d1q38a1
d1tdqa1	d1q38a1
d4es4d_	d4es4d_
d2avub_	d4es4d_
d1vyva1	d1vyva1
d1t3la1	d1vyva1
d3tvta1	d1vyva1
d2d8ja1	d1vyva1
d6edfa_	d1vyva1
d1udla1	d1vyva1
d5xg9g1	d1vyva1
d2o2oa_	d1vyva1
d2cuba1	d1vyva1
d1ue9a1	d1vyva1
d2ysqa1	d1vyva1
d1tuca_	d1vyva1
d1tuda_	d1vyva1
d1awja_	d1vyva1
d4cc4b1	d1vyva1
d1jqqb1	d1vyva1
d1nm7a_	d1vyva1
d1k9ab1	d1vyva1
d2moxa1	d1vyva1
d1s1na_	d1vyva1
d1ng2a2	d1vyva1
d1ov3b2	d1vyva1
d1wlpb1	d1vyva1
d2ekha1	d1vyva1
d2enma1	d1vyva1
d1uffa1	d1vyva1
d6cpja1	d1vyva1
d2i0na1	d1vyva1
d1ug1a1	d1vyva1
d1wxua1	d1vyva1
d1bb9a_	d1vyva1
d1x43a1	d1vyva1
d1pnja_	d1vyva1
d1q1oa1	d1q1oa1
d1tz1a2	d1q1oa1
d1k9ca1	d1k9ca1
d1hhna1	d1k9ca1
d1jhna3	d1k9ca1
d1k91a1	d1k9ca1
d1p4da_	d1p4da_
d3l57a_	d1p4da_
d4maka_	d4maka_
d4p6ia1	d4maka_
d6bfqj1	d6bfqj1
d5d22b_	d6bfqj1
d1wpnb_	d1wpnb_
d6ll7a_	d1wpnb_
d6cugd2	d6cugd2
d6eh4d2	d6cugd2
g1h6w.2	g1h6w.2
d1ocya_	g1h6w.2
d1gxna_	d1gxna_
d1r76a_	d1gxna_
d5xs4a1	d5xs4a1
d6cvba_	d5xs4a1
d6c5cb1	d6c5cb1
d1ujna_	d6c5cb1
d1fo1a2	d1fo1a2
d1kooc2	d1fo1a2
d1ft8e_	d1fo1a2
d2ixpb_	d2ixpb_
d2ixnb_	d2ixpb_
d2jmqa_	d2jmqa_
d1weua1	d2jmqa_
d2muma_	d2jmqa_
d3ma9l1	d3ma9l1
d6grza_	d3ma9l1
d3mj8l2	d3ma9l1
d1g6rd2	d3ma9l1
d4q9bb_	d3ma9l1
d4lfhg2	d3ma9l1
d2aeph1	d3ma9l1
d2mcph2	d3ma9l1
d1f6ab1	d3ma9l1
d4ba8a1	d3ma9l1
d2wqrb1	d3ma9l1
d4lash_	d3ma9l1
d5kvel_	d3ma9l1
d3bdbf_	d3ma9l1
d7cu5e_	d3ma9l1
d5fk9a1	d3ma9l1
d5edxb_	d3ma9l1
d2bc4c2	d3ma9l1
d6luob1	d3ma9l1
d2gr8a1	d2gr8a1
d2gr7a1	d2gr8a1
d6j7fb_	d6j7fb_
d1ft1b_	d6j7fb_
d1k0eb_	d1k0eb_
d1i7qa_	d1k0eb_
d5jy9b_	d1k0eb_
d3gsea_	d1k0eb_
d5jvlb2	d5jvlb2
d1dika3	d5jvlb2
d4fisb_	d4fisb_
d1etob_	d4fisb_
d1cyyb_	d1cyyb_
d6ozwa_	d1cyyb_
d1u5dd_	d1u5dd_
d1u5ea1	d1u5dd_
d2d9ya1	d1u5dd_
d4kaxb_	d1u5dd_
d1v89a1	d1u5dd_
d1wg7a1	d1u5dd_
d1qqga1	d1u5dd_
d2ys1a1	d1u5dd_
d1plsa1	d1u5dd_
d1v5ua1	d1u5dd_
d2kcja1	d1u5dd_
d1v88a1	d1u5dd_
d2lula1	d1u5dd_
d2coda1	d1u5dd_
d2kn7a_	d2kn7a_
d2aq0a_	d2kn7a_
d1ml4a2	d1ml4a2
d1tuga1	d1ml4a2
d1pg5a1	d1ml4a2
d2fg7d1	d1ml4a2
d3upda1	d1ml4a2
d4bjhb2	d1ml4a2
d1fs2d1	d1fs2d1
d5xyla2	d1fs2d1
d5hywd_	d1fs2d1
d4iveb_	d4iveb_
d1g9la1	d4iveb_
d3ntwc_	d4iveb_
d1ifwa1	d4iveb_
d1x92b1	d1x92b1
d5lu7d_	d1x92b1
d1nria_	d1x92b1
d3ctoa_	d3ctoa_
d3oeib_	d3ctoa_
d2a6qc2	d3ctoa_
d2a6qd2	d3ctoa_
d1x86c2	d1x86c2
d5jhhe2	d1x86c2
d3dcba1	d3dcba1
d1goja_	d3dcba1
d1i3rd2	d1i3rd2
d2sebb2	d1i3rd2
d1lgbc_	d1lgbc_
d1f9ba2	d1lgbc_
d1w6ka1	d1w6ka1
d2sqcb1	d1w6ka1
d5cbae_	d5cbae_
d6vgje_	d5cbae_
d1f9pa_	d5cbae_
d1qnka_	d5cbae_
d1rjta_	d5cbae_
d6w37a_	d6w37a_
d1yo4a1	d6w37a_
d3sjqd1	d3sjqd1
d4g27b1	d3sjqd1
d4ayna1	d4ayna1
d1ys5a1	d4ayna1
d1lb2e_	d1lb2e_
d3k4gc_	d1lb2e_
d3sdga1	d3sdga1
d5mymc1	d3sdga1
d5gp9a1	d3sdga1
d2ofla1	d3sdga1
d1ui5a1	d3sdga1
d3pm1b1	d3sdga1
d1sgmb1	d3sdga1
d2gena1	d3sdga1
d1t33b1	d3sdga1
d2jj7a1	d3sdga1
d2fbqa1	d3sdga1
d2hkub1	d3sdga1
d1rktb1	d3sdga1
d2gfnb1	d3sdga1
d2np5b1	d3sdga1
d2i10b1	d3sdga1
d2iu5b1	d3sdga1
d6c9le_	d6c9le_
d1tqep_	d6c9le_
d5f28a_	d6c9le_
d1hbxe_	d6c9le_
d1qqha_	d1qqha_
d1r6ka_	d1qqha_
d2ersa1	d2ersa1
d2z3qb1	d2ersa1
d1pema2	d1pema2
d1rlra2	d1pema2
d1ur6b_	d1ur6b_
d1e4ua_	d1ur6b_
d1akhb_	d1akhb_
d1mnmd_	d1akhb_
d1k61a_	d1akhb_
d1lfup_	d1akhb_
d2r5yb_	d1akhb_
d5z2sa_	d1akhb_
d2k40a_	d1akhb_
d2r5ya1	d1akhb_
d4uuta_	d1akhb_
d2p81a_	d1akhb_
d2vi6f_	d1akhb_
d2dn0a1	d1akhb_
d2ecca2	d1akhb_
d2pi7a_	d2pi7a_
d2bzla_	d2pi7a_
d1g4us2	d2pi7a_
d1lyva_	d2pi7a_
d5bugc1	d2pi7a_
d5k22a_	d2pi7a_
d5z5ba1	d2pi7a_
d1fpzc_	d2pi7a_
d1ohda2	d2pi7a_
d2c46a1	d2pi7a_
d5e2ea_	d5e2ea_
d1alqa_	d5e2ea_
d6v4wb_	d5e2ea_
d7dxhe_	d7dxhe_
d2axte1	d7dxhe_
d7bvza2	d7bvza2
d1jcfa2	d7bvza2
d6z0xa_	d6z0xa_
d2zleb3	d6z0xa_
d4k1tc1	d6z0xa_
d1p3ea_	d6z0xa_
d2zjpm1	d2zjpm1
d2v47t1	d2zjpm1
d4qxfc_	d4qxfc_
d4c8va1	d4qxfc_
d6f2cg1	d6f2cg1
d1egha_	d6f2cg1
d4gwba_	d4gwba_
d2gt3a_	d4gwba_
d4qmdb_	d4qmdb_
d1lm7b_	d4qmdb_
d1pgl11	d1pgl11
d1ny711	d1pgl11
d4knud1	d4knud1
d3wkqa1	d4knud1
d1aoza1	d4knud1
d1hfua1	d4knud1
d3ppsa1	d4knud1
d5b7ea1	d4knud1
d4q89a1	d4knud1
d1ibya_	d4knud1
d7aq2a2	d4knud1
d2cuab_	d4knud1
d5zcob2	d4knud1
d4co8a1	d4co8a1
d3wtsc_	d4co8a1
d1hbxh_	d4co8a1
d1puee_	d4co8a1
d7k3ma_	d7k3ma_
d4zdxa_	d7k3ma_
d1s6la1	d1s6la1
d5c0ub1	d1s6la1
d1qcrh_	d1qcrh_
d1ntkh_	d1qcrh_
d2oqoa1	d2oqoa1
d2olva1	d2oqoa1
d1jb0k_	d1jb0k_
d6trdk_	d1jb0k_
d2moba_	d2moba_
d4gamd_	d2moba_
d3dhie_	d2moba_
d2inpl_	d2moba_
d1lx8a_	d1lx8a_
d1pm6a_	d1lx8a_
d1koya_	d1koya_
d1iyra_	d1koya_
d4nbuc_	d4nbuc_
d1zbqd_	d4nbuc_
d1wntd_	d4nbuc_
d1fdsa_	d4nbuc_
d3p19d_	d4nbuc_
d6yc8a_	d4nbuc_
d3e9nb_	d4nbuc_
d5tt1c_	d4nbuc_
d5o98b_	d4nbuc_
d2qq5a_	d4nbuc_
d3gemc_	d4nbuc_
d3zn2a_	d4nbuc_
d4y9da_	d4nbuc_
d3ucec_	d4nbuc_
d1klxa_	d1klxa_
d1ouva1	d1klxa_
d4whaa2	d4whaa2
d2p0mb1	d4whaa2
d3reqb1	d3reqb1
d6reqa1	d3reqb1
d4wy8b1	d4wy8b1
d7cihc_	d4wy8b1
d5gmrd_	d4wy8b1
d5hc3a_	d4wy8b1
d2pblb2	d4wy8b1
d5uroa1	d4wy8b1
d1clic1	d1clic1
d5avmb2	d1clic1
d3vyuc1	d1clic1
d3vyua_	d3vyua_
d2z1cb_	d3vyua_
d3f5ca_	d3f5ca_
d3cjwa1	d3f5ca_
d7axea_	d3f5ca_
d3okic1	d3f5ca_
d3prga_	d3f5ca_
d5vb5a1	d3f5ca_
d3icxa_	d3icxa_
d1nt2b_	d3icxa_
d5ganf2	d3icxa_
d1hica_	d1hica_
d4mlfd_	d1hica_
d5xs4b_	d5xs4b_
g1tme.1	d5xs4b_
d1h8ba_	d1h8ba_
d2n8za1	d1h8ba_
d5zora_	d1h8ba_
d1s6ia_	d1h8ba_
d1rroa_	d1h8ba_
d1g33a_	d1h8ba_
d5jola_	d1h8ba_
d2lvia_	d1h8ba_
d1c7wa_	d1h8ba_
d5t7ca_	d1h8ba_
d6vana_	d1h8ba_
d6wuda_	d1h8ba_
d2m7ma_	d1h8ba_
d6ktha1	d1h8ba_
d2m1ua1	d1h8ba_
d2hf5a1	d1h8ba_
d3jtdc_	d1h8ba_
d2zn9b_	d1h8ba_
d4n1gb_	d1h8ba_
d1jvwa_	d1jvwa_
d1fd9a_	d1jvwa_
d4bf8a1	d1jvwa_
d2e74a_	d2e74a_
d3cxhn2	d2e74a_
d1u3da1	d1u3da1
d5zm0a2	d1u3da1
d1ltua_	d1ltua_
d2paha_	d1ltua_
d3etdd1	d3etdd1
d3k92a1	d3etdd1
d6acfa1	d3etdd1
d1fwab_	d1fwab_
d2ubpb_	d1fwab_
d4z42b_	d1fwab_
d4c2mb_	d4c2mb_
d6yysc_	d4c2mb_
d1c0wd3	d1c0wd3
d1qvpa1	d1c0wd3
d4dfeb2	d4dfeb2
d3il7a2	d4dfeb2
d4ewpb2	d4dfeb2
d3gwab2	d4dfeb2
d4v2pb2	d4dfeb2
d1tzoo2	d1tzoo2
d1acca2	d1tzoo2
d1c0wd2	d1c0wd2
d1f5td2	d1c0wd2
d2qkga1	d2qkga1
d1w99a1	d2qkga1
d1i5pa3	d2qkga1
d2boye_	d2boye_
d2xsra1	d2boye_
d3mi1a_	d2boye_
d1aoaa2	d1aoaa2
d1rt8a_	d1aoaa2
d1wjoa1	d1aoaa2
d5bvra1	d1aoaa2
d4cc4a1	d4cc4a1
d2omxa3	d4cc4a1
d2r9ud1	d4cc4a1
d1w8aa_	d4cc4a1
d1xcda_	d4cc4a1
d4p8sa_	d4cc4a1
d1ookg_	d4cc4a1
d1dcea3	d4cc4a1
d6f4ja_	d4cc4a1
d1ds9a_	d4cc4a1
d1kohd_	d4cc4a1
d4xm4d_	d4cc4a1
d5gmkb_	d4cc4a1
d4pera1	d4cc4a1
d3na0d_	d3na0d_
d3n9yc_	d3na0d_
d5uj5a1	d3na0d_
d2y5cb1	d3na0d_
d3ah7a1	d3na0d_
d1z5za1	d1z5za1
d1z3ix1	d1z5za1
d3bo5a_	d3bo5a_
d1mvxa_	d3bo5a_
d6agob_	d3bo5a_
d2jq9a_	d2jq9a_
d2cpta1	d2jq9a_
d1u00a2	d1u00a2
d1ckra_	d1u00a2
d5ncba_	d5ncba_
d5hiwa1	d5ncba_
d2ve3a_	d5ncba_
d6n6qb_	d5ncba_
d2iagb1	d5ncba_
d1wzaa2	d1wzaa2
d6wnua1	d1wzaa2
d1w9xa2	d1wzaa2
d1g5aa2	d1wzaa2
d3hjea1	d1wzaa2
d2bhua3	d1wzaa2
d4lpcb2	d1wzaa2
d1bf2a3	d1wzaa2
d1gjua2	d1wzaa2
d3fn1b_	d3fn1b_
d4p5og1	d3fn1b_
d1e2cc_	d3fn1b_
d7bbfg_	d3fn1b_
d2awfa1	d3fn1b_
d1yrva1	d3fn1b_
d1yf9b_	d3fn1b_
d4ds2b_	d3fn1b_
d2qgxb_	d3fn1b_
d2f4wa1	d3fn1b_
d5cdfa1	d5cdfa1
d6tmhe1	d5cdfa1
d1ik7b_	d1ik7b_
d1ygoa2	d1ik7b_
d1qfxa_	d1qfxa_
d3k4pb_	d1qfxa_
d2zu6f2	d2zu6f2
d4brwa1	d2zu6f2
d3i0pa_	d3i0pa_
d3uoeb1	d3i0pa_
d1ztva1	d1ztva1
d1vpqa1	d1ztva1
d1n4ia_	d1n4ia_
d1z2fa_	d1n4ia_
d2rf4d_	d2rf4d_
d4c3hd_	d2rf4d_
d1ybfb_	d1ybfb_
d1t8wf_	d1ybfb_
d6rtqb_	d6rtqb_
d6hdva_	d6rtqb_
d4ggra_	d6rtqb_
d2y32c_	d6rtqb_
d4zqic2	d4zqic2
d6u1ea2	d4zqic2
d1g1xh_	d1g1xh_
d1i94r_	d1g1xh_
d3cphg1	d3cphg1
d1vg0a1	d3cphg1
d4w91b_	d4w91b_
d6m4ja_	d4w91b_
d3wkre1	d4w91b_
d5hh9b_	d4w91b_
d1ytfc_	d1ytfc_
d1nh2c_	d1ytfc_
d2jgqb_	d2jgqb_
d3krsa_	d2jgqb_
d3ckib_	d3ckib_
d1uead_	d3ckib_
d2mrua1	d2mrua1
d1ub4c_	d2mrua1
d4wvla_	d4wvla_
d1u2zc_	d4wvla_
d4gata_	d4gata_
d2vusm_	d4gata_
d2gata_	d4gata_
d6zfva_	d4gata_
d1y0ja_	d4gata_
d1jhja_	d1jhja_
d1gqpb_	d1jhja_
d3eyea_	d3eyea_
d3p3vb1	d3eyea_
d4ajta_	d4ajta_
g1mtp.1	d4ajta_
d1kq8a_	d1kq8a_
d2hfha_	d1kq8a_
d2k86a1	d1kq8a_
d2aoab_	d2aoab_
d1r1se1	d2aoab_
d3uyoa_	d2aoab_
d1a81c2	d2aoab_
d4xz0a1	d2aoab_
d1rqqc_	d2aoab_
d1mila1	d2aoab_
d6waxb_	d2aoab_
d1oo3a_	d2aoab_
d5bo4m1	d2aoab_
d1xa6a2	d2aoab_
d3nrrb1	d3nrrb1
d1j3ia_	d3nrrb1
d1cz3a_	d3nrrb1
d6picc1	d6picc1
d5g0ib2	d6picc1
d1mqsa_	d1mqsa_
d1epua_	d1mqsa_
d1ofcx1	d1ofcx1
d2nogb2	d1ofcx1
d1ftka_	d1ftka_
d5u8cb_	d1ftka_
d4g4pa1	d1ftka_
d5wjpa1	d1ftka_
d6hqha_	d1ftka_
d2q89a1	d1ftka_
d2ieeb_	d1ftka_
d7a5cb1	d7a5cb1
d4nhba_	d7a5cb1
d4pe3a_	d7a5cb1
d4p56b_	d7a5cb1
d2pfza_	d7a5cb1
d4meva_	d7a5cb1
d5ulkc_	d5ulkc_
d2kiza1	d5ulkc_
d2ecta1	d5ulkc_
d2lxpc_	d5ulkc_
d2ecla1	d5ulkc_
d1chca_	d5ulkc_
d2y43b_	d5ulkc_
d3lrqb1	d5ulkc_
d1jm7a_	d5ulkc_
d1rmda2	d5ulkc_
d1jm7b_	d5ulkc_
d3bt1b_	d3bt1b_
d1s4ga_	d3bt1b_
d2yfwa_	d2yfwa_
d1aoie_	d2yfwa_
d6kwaa_	d6kwaa_
d6lsvb_	d6kwaa_
d6xjja_	d6kwaa_
d3zkya_	d6kwaa_
d1sqga2	d1sqga2
d3a4ta_	d1sqga2
d2b1gc2	d2b1gc2
d1zczb2	d2b1gc2
d1rl2b1	d1rl2b1
d2j01d1	d1rl2b1
d2rgya_	d2rgya_
d4rk0d_	d2rgya_
d4o5aa_	d2rgya_
d3ksmb1	d2rgya_
d1gudb_	d2rgya_
d5hqja1	d2rgya_
d5bq3b_	d2rgya_
d4yo7a_	d2rgya_
d3l6ua_	d2rgya_
d3urmb_	d2rgya_
d1sqva2	d1sqva2
d1hr6d2	d1sqva2
d1ppjb2	d1sqva2
d3c57b_	d3c57b_
d1zljc_	d3c57b_
d1fseb_	d3c57b_
d2rnja_	d3c57b_
d2jpca_	d3c57b_
d1zn2a1	d3c57b_
d1dsza_	d1dsza_
d2nllb_	d1dsza_
d1xsia4	d1xsia4
d2xvga3	d1xsia4
d4guzb1	d4guzb1
d1e2tb_	d4guzb1
d2l9va_	d2l9va_
d1uzca_	d2l9va_
d2kisa1	d2l9va_
d1dbna_	d1dbna_
d3a0kc_	d1dbna_
d4c3in_	d4c3in_
d3nfgn1	d4c3in_
d1jt2a_	d1jt2a_
d3zi7a1	d1jt2a_
g1jn9.2	g1jn9.2
g1apy.2	g1jn9.2
d1k44b_	d1k44b_
d1xqic_	d1k44b_
d1z0zb_	d1z0zb_
d1u0rd_	d1z0zb_
d1ft4b3	d1ft4b3
d1extb3	d1ft4b3
d4ysna1	d4ysna1
d6dvsa_	d4ysna1
d3bv0b_	d4ysna1
d2v8ta_	d2v8ta_
d1jkua_	d2v8ta_
d1r6va1	d1r6va1
d1v6cb_	d1r6va1
d4h6wa_	d1r6va1
d1p8jf2	d1r6va1
d2cp5a1	d2cp5a1
d2cp6a1	d2cp5a1
d2coza1	d2cp5a1
d1lpla_	d2cp5a1
d1whka1	d2cp5a1
d6fc5a1	d2cp5a1
d1whla1	d2cp5a1
d1ixda1	d2cp5a1
d3ffra1	d3ffra1
d2fyfb_	d3ffra1
d1iuga_	d3ffra1
d5f8vb_	d3ffra1
d1b2nd_	d1b2nd_
d1h4id_	d1b2nd_
d1qx8a_	d1qx8a_
d1rpoa_	d1qx8a_
d4wxkc_	d4wxkc_
d3uwaa1	d4wxkc_
d2ai9b_	d4wxkc_
d3e3ua_	d4wxkc_
d1qb3b_	d1qb3b_
d1cksb_	d1qb3b_
d1vhva1	d1vhva1
d1wdea_	d1vhva1
d3u6xf1	d3u6xf1
d2f0ca2	d3u6xf1
d3hg0c1	d3u6xf1
d4cj2d1	d4cj2d1
d1wvla_	d4cj2d1
d6sl56_	d6sl56_
d6kacs_	d6sl56_
d1pg6a_	d1pg6a_
d1yoxa1	d1pg6a_
d1a6bb_	d1a6bb_
d1wwda_	d1a6bb_
d2efia2	d2efia2
d5in1b_	d2efia2
d4plia_	d2efia2
d1wgsa1	d2efia2
d2buda1	d2efia2
d3m9qb_	d2efia2
d5n74a_	d5n74a_
d5jx1a_	d5n74a_
d3tq7b_	d5n74a_
d5jx5a_	d5jx5a_
d2bogx_	d5jx5a_
d1omba_	d1omba_
d1omaa_	d1omba_
d5mkka1	d5mkka1
d6bpla1	d5mkka1
d2yyea1	d2yyea1
d3u0oa1	d2yyea1
d2h1ra_	d2h1ra_
d3ftfa_	d2h1ra_
d2glua1	d2h1ra_
d3busb_	d2h1ra_
d2o57b_	d2h1ra_
d1ve3b_	d2h1ra_
d1wzna1	d2h1ra_
d3d2ld_	d2h1ra_
d2avnb2	d2h1ra_
d1vlmb_	d2h1ra_
d5t6bb_	d2h1ra_
d1kpia_	d2h1ra_
d4gekg_	d2h1ra_
d5h02a_	d2h1ra_
d1ri1a_	d2h1ra_
d2gh1a1	d2h1ra_
d5cvda1	d2h1ra_
d1p91b_	d2h1ra_
d1nkvc1	d2h1ra_
d1ufka_	d2h1ra_
d1t43a_	d2h1ra_
d1sg9a_	d2h1ra_
d1dusa_	d2h1ra_
d3ldfa2	d2h1ra_
d2igtb2	d2h1ra_
d1xhmb_	d1xhmb_
d5he1g_	d1xhmb_
d7f1qc_	d1xhmb_
d1tbge_	d1xhmb_
d1gjja2	d1gjja2
d1h9fa_	d1gjja2
d1zoqc_	d1zoqc_
d2kkja_	d1zoqc_
d7jflc_	d1zoqc_
d1wj0a_	d1wj0a_
d1ul4a_	d1wj0a_
d1myle_	d1myle_
d1b28b_	d1myle_
d1u9pa1	d1myle_
d1mnta_	d1myle_
d3gppa3	d3gppa3
d3jr5a3	d3gppa3
d1ee8b3	d3gppa3
d6onod_	d6onod_
d1ttya_	d6onod_
d4jk1y1	d6onod_
d1t08b_	d1t08b_
d1m1eb_	d1t08b_
d2plya1	d2plya1
d1lvaa1	d2plya1
d4eeia1	d4eeia1
d5eyvb_	d4eeia1
d3e04b_	d4eeia1
d2e9fb_	d4eeia1
d4jxua_	d4jxua_
d5e25c_	d4jxua_
d1tgra_	d1tgra_
d5l3la_	d1tgra_
d1fyka_	d1fyka_
d1hkta_	d1fyka_
d6b66a_	d6b66a_
d1xi6a_	d6b66a_
d5t3ja_	d6b66a_
d1k9ya_	d6b66a_
d6r44a1	d6r44a1
d2o1eb_	d6r44a1
d2aeaa_	d2aeaa_
d1zmba1	d2aeaa_
d1krta_	d1krta_
d6wbda1	d1krta_
d6q4sa_	d6q4sa_
d5dz2a_	d6q4sa_
d1qgwb_	d1qgwb_
d1qgwa_	d1qgwb_
d4lmsa_	d1qgwb_
d1h98a_	d1h98a_
d7fd1a_	d1h98a_
d1dura_	d1h98a_
d2zvsc_	d1h98a_
d2vkra_	d1h98a_
d5oy0c_	d1h98a_
d3i9vg_	d1h98a_
d2c3yb5	d1h98a_
d1hfem2	d1h98a_
d5c37c3	d5c37c3
d2fr0a1	d5c37c3
d2g5da1	d2g5da1
d2pica_	d2g5da1
d1mvza_	d1mvza_
d1df9c_	d1mvza_
d1tx6i1	d1mvza_
d2qn5b1	d1mvza_
d3ja861	d3ja861
d6wnzb_	d3ja861
d3ja831	d3ja861
d3ja851	d3ja861
d3ja871	d3ja861
d2cq9a1	d2cq9a1
d5zvld1	d2cq9a1
d3l4na_	d2cq9a1
d1egoa_	d2cq9a1
d1j0fa1	d2cq9a1
d2m80a_	d2cq9a1
d1zczb1	d1zczb1
d1pkxa1	d1zczb1
d1f9zb_	d1f9zb_
d1qipb_	d1f9zb_
d4qrza_	d4qrza_
d4r9gb_	d4qrza_
d5h71b_	d4qrza_
d1yzma1	d1yzma1
d1z0kd_	d1yzma1
d1z0jb1	d1yzma1
d2wt3a1	d2wt3a1
d6k6va1	d2wt3a1
d2oxna1	d2wt3a1
d1z6aa3	d1z6aa3
d1z3ix2	d1z6aa3
d1tllb1	d1tllb1
d4yaua2	d1tllb1
d1sska1	d1sska1
d2gecb_	d1sska1
d2wlaa_	d2wlaa_
d1n1qb_	d2wlaa_
d5hjfd1	d2wlaa_
d2l3ca_	d2l3ca_
d2ljha_	d2l3ca_
d5npaa_	d2l3ca_
d6sdya1	d2l3ca_
d1stua_	d2l3ca_
d1sg3b2	d1sg3b2
d1sg3b1	d1sg3b2
d1vs6c2	d1vs6c2
d2j01d2	d1vs6c2
d1yhqa2	d1vs6c2
d3dd6a2	d3dd6a2
d1udna2	d3dd6a2
d2wnrd2	d3dd6a2
d1mr0a_	d1mr0a_
d1hyka_	d1mr0a_
d2ca5a1	d2ca5a1
d6ofga_	d2ca5a1
d1on3e1	d1on3e1
d2f9yb1	d1on3e1
d3biie_	d3biie_
d2wp4a_	d3biie_
d1sxda1	d1sxda1
d1bqva_	d1sxda1
d2qarb_	d1sxda1
d1sv4a1	d1sxda1
d1sv0d1	d1sxda1
d5i8uc_	d5i8uc_
d5c7qa_	d5i8uc_
d1ffue1	d1ffue1
d1t3qb1	d1ffue1
d1jrob1	d1ffue1
d1fo4b3	d1ffue1
d1sija3	d1ffue1
d2olvb2	d2olvb2
d2uwxa1	d2olvb2
d3txna2	d3txna2
d4cr2q2	d3txna2
d1ufma1	d3txna2
d3oz1c_	d3oz1c_
d1c9qa_	d3oz1c_
d1se0a_	d3oz1c_
d3ueia_	d3oz1c_
d2idhd2	d2idhd2
d2e45a1	d2idhd2
d2ysca1	d2idhd2
d1gyza_	d1gyza_
d2hgjt1	d1gyza_
d3fd2a1	d3fd2a1
d1t9ib_	d3fd2a1
d2i7fa_	d2i7fa_
d5boka_	d2i7fa_
d3foub_	d2i7fa_
d1jm1a_	d2i7fa_
d4aayb_	d2i7fa_
d3bcce1	d2i7fa_
d1q90c_	d2i7fa_
d1fxja1	d1fxja1
d5vmkc2	d1fxja1
d2qkxa2	d1fxja1
d3e05h_	d3e05h_
d2yxdb_	d3e05h_
d1jnia_	d1jnia_
d1ogyn_	d1jnia_
d2p1pa1	d2p1pa1
d6brpc1	d2p1pa1
d2lcka_	d2lcka_
d4c9ga_	d2lcka_
d2tbvb_	d2tbvb_
d1opob_	d2tbvb_
d1c8nb_	d2tbvb_
d1f2nb_	d2tbvb_
d2izwa_	d2tbvb_
d3rkom_	d3rkom_
d4he8l_	d3rkom_
d4he8n_	d3rkom_
d3nqyb_	d3nqyb_
d1bqba_	d3nqyb_
d1lhwa_	d1lhwa_
d1h30a1	d1lhwa_
d2jd4b1	d1lhwa_
d5ik7b2	d1lhwa_
d1kp3a2	d1kp3a2
d1j20b2	d1kp3a2
d6id1e_	d6id1e_
d2ce8c2	d6id1e_
d4n14a_	d6id1e_
d1tyqc_	d6id1e_
d4psxe_	d6id1e_
d3jb9u3	d6id1e_
d1pgua1	d6id1e_
d4o4ub1	d4o4ub1
d3hoea2	d4o4ub1
d1g2qb_	d1g2qb_
d5vn4b_	d1g2qb_
d1o57d2	d1g2qb_
d1y0bb2	d1g2qb_
d1gph12	d1gph12
d2bpjb1	d1gph12
d1ct9c2	d1gph12
d1kcwa2	d1kcwa2
d1sdda2	d1kcwa2
d2k1fa_	d2k1fa_
d5gjla_	d2k1fa_
d1x48a1	d1x48a1
d1qu6a2	d1x48a1
g1o7d.2	g1o7d.2
d3dx2a3	g1o7d.2
d3fr8b1	d3fr8b1
d4xiya1	d3fr8b1
d3d03f_	d3d03f_
d2hy1a1	d3d03f_
d1ukld_	d1ukld_
d1am9b_	d1ukld_
d1an4b1	d1ukld_
d1hloa_	d1ukld_
d6g6kc1	d1ukld_
d2o3lb_	d2o3lb_
d2hh6a1	d2o3lb_
d5odhf_	d5odhf_
d3rgwl_	d5odhf_
d3iam4_	d5odhf_
d2hq9b_	d2hq9b_
d3u5wa_	d2hq9b_
d2htia1	d2hq9b_
d2furb_	d2hq9b_
d5vf5a1	d5vf5a1
d1phsa1	d5vf5a1
d1ohba_	d1ohba_
d7nlya_	d1ohba_
d2we4a_	d1ohba_
d1lbaa_	d1lbaa_
d6srta1	d1lbaa_
d3ep1b_	d1lbaa_
d1vqld1	d1vqld1
d1mjib_	d1vqld1
d1oj7a1	d1oj7a1
d1o2da1	d1oj7a1
d2gvhb2	d2gvhb2
d3spse_	d2gvhb2
d3b7ka1	d2gvhb2
d3b7kc2	d2gvhb2
d1nngb_	d2gvhb2
d4zv3c1	d2gvhb2
d1wywa_	d1wywa_
d1muga_	d1wywa_
d3bqoa_	d3bqoa_
d3bu8b_	d3bqoa_
d2j49a1	d2j49a1
d2j4bb_	d2j49a1
d1jwya1	d1jwya1
d1voma1	d1jwya1
d1hyia_	d1hyia_
d2yqma1	d1hyia_
d3zyqa2	d1hyia_
d1wfka1	d1hyia_
d1y02a2	d1hyia_
d2qb9q1	d2qb9q1
d1xmqq_	d2qb9q1
d1wjsa1	d1wjsa1
d2biva2	d1wjsa1
d1wjra1	d1wjsa1
d3es7b2	d3es7b2
d1jpmb1	d3es7b2
d1jpdx1	d3es7b2
d3h12a2	d3es7b2
d4kemb2	d3es7b2
d1ec9d1	d3es7b2
d4mggb2	d3es7b2
d1fhva1	d3es7b2
d4omja2	d4omja2
d3b74a2	d4omja2
d3w68c2	d4omja2
d3exgi1	d3exgi1
d2bp7e_	d3exgi1
d1ce3a_	d1ce3a_
d1fyba2	d1ce3a_
d5h3ma_	d5h3ma_
d2fghb4	d5h3ma_
d7c2gg1	d5h3ma_
d1svra_	d5h3ma_
d3fg6f2	d5h3ma_
d1iyaa_	d1iyaa_
d2bh7a2	d1iyaa_
d1xx3a_	d1xx3a_
d6fipa1	d1xx3a_
d1m2nb1	d1m2nb1
d3glsd_	d1m2nb1
d2id0a4	d2id0a4
d2vnud4	d2id0a4
d2r7da2	d2id0a4
d2fpsb_	d2fpsb_
d3l8ea_	d2fpsb_
d1yj5b1	d2fpsb_
d2gtto1	d2gtto1
d2qvjb_	d2gtto1
d1twic1	d1twic1
d1hkva1	d1twic1
d2dsrg1	d2dsrg1
d2h7ta1	d2dsrg1
d1l3ha_	d2dsrg1
d1oz9a_	d1oz9a_
d1xm5a_	d1oz9a_
d1ctsa_	d1ctsa_
d2ifcc_	d1ctsa_
d2v92b_	d2v92b_
d2qrdb_	d2v92b_
d2qlve2	d2v92b_
d5ax2a_	d5ax2a_
d1wgea1	d5ax2a_
d1ytda1	d1ytda1
d2f7fa1	d1ytda1
d6nfea2	d6nfea2
d1u9yc2	d6nfea2
d1i5ea_	d6nfea2
d1vdml_	d6nfea2
d1ufrb_	d6nfea2
d6lbpa2	d6nfea2
d6uk1a_	d6uk1a_
d2bboa_	d6uk1a_
d1f3oa_	d6uk1a_
d2nq2c_	d6uk1a_
d1q7ma2	d1q7ma2
d1umyc_	d1q7ma2
d1wjbb_	d1wjbb_
d6rwmc1	d1wjbb_
d1mjea2	d1mjea2
d1iyjb2	d1mjea2
d6qm7j_	d6qm7j_
d1j2qi_	d6qm7j_
d1q5rh_	d6qm7j_
d3oeuj_	d6qm7j_
d6muaa2	d6muaa2
d6ifka2	d6muaa2
d1qzwa2	d1qzwa2
d4xcod_	d1qzwa2
g1rwx.1	g1rwx.1
d1m72c1	g1rwx.1
d3h13a_	g1rwx.1
d1g9pa_	d1g9pa_
d1hp3a_	d1g9pa_
d1xk7a2	d1xk7a2
d5yiya_	d1xk7a2
d1tgla_	d1tgla_
d3g7nb_	d1tgla_
d1rh1a1	d1rh1a1
d1jcha2	d1rh1a1
d3aq5b_	d3aq5b_
d1s56b_	d3aq5b_
d6bmeb_	d3aq5b_
d1cfea_	d1cfea_
d4aiwa_	d1cfea_
d1qnxa1	d1cfea_
d3qvqa_	d3qvqa_
d1v8ea1	d3qvqa_
d1t8qa_	d3qvqa_
d2q5dc_	d2q5dc_
d3gb8b2	d2q5dc_
d2q5dd_	d2q5dc_
d4z1aa_	d4z1aa_
d3pg9c_	d4z1aa_
d2q9oa3	d2q9oa3
d1aozb3	d2q9oa3
d3t6zb3	d2q9oa3
d3paua3	d2q9oa3
d4q8bb3	d2q9oa3
d2co6b2	d2co6b2
d4djma2	d2co6b2
d1ct9b1	d1ct9b1
d1q15b1	d1ct9b1
d3ilwa_	d3ilwa_
d6ca8a_	d3ilwa_
d3ig0a_	d3ilwa_
d3ku8b_	d3ilwa_
d3c0da1	d3c0da1
d4aiva_	d3c0da1
d2f17a2	d2f17a2
d1ig0a2	d2f17a2
d7e77a_	d7e77a_
d3ff1a1	d7e77a_
d1f5qb1	d1f5qb1
d1g3nc1	d1f5qb1
d5l2wb1	d1f5qb1
d2d4ha2	d2d4ha2
d6k1za2	d2d4ha2
d7ckfb2	d2d4ha2
d1s4za1	d1s4za1
d3p7ja_	d1s4za1
d1e0bb_	d1s4za1
d3f2ua1	d1s4za1
d2m2la1	d1s4za1
d1g6za1	d1s4za1
d2b2ta1	d1s4za1
d2dy7a1	d1s4za1
d3mtsa1	d1s4za1
d3tqoa2	d3tqoa2
d1u0bb1	d3tqoa2
d3ziai_	d3ziai_
d2hldr_	d3ziai_
d4avva_	d4avva_
d6ypea_	d4avva_
d1fx8a_	d1fx8a_
d1fqya_	d1fx8a_
d5z38e1	d5z38e1
d1y00a_	d5z38e1
d1phsa2	d1phsa2
d6km8a2	d1phsa2
d1dxya2	d1dxya2
d2dlda2	d1dxya2
d3ju7b_	d3ju7b_
d4ztca_	d3ju7b_
d2pa2b1	d2pa2b1
d1qvfh_	d2pa2b1
d1wfpa1	d1wfpa1
d1wfla1	d1wfpa1
d1wffa1	d1wfpa1
d1mm3a1	d1mm3a1
d1f62a_	d1mm3a1
d7klra1	d1mm3a1
d2gupa2	d2gupa2
d5nckb2	d2gupa2
d1yjma1	d1yjma1
d3kt9a_	d1yjma1
d2bycb2	d2bycb2
d2kb2a1	d2bycb2
d1yrxa1	d2bycb2
d1x0pa1	d2bycb2
d2c0fb2	d2c0fb2
d1g7ea_	d2c0fb2
d2h0va_	d2h0va_
d1gqha_	d2h0va_
d1y7yb_	d1y7yb_
d2b5ac_	d1y7yb_
d3vk0b_	d1y7yb_
d1b0na2	d1y7yb_
d2pf1a2	d2pf1a2
d1nl1a2	d2pf1a2
d1whea2	d2pf1a2
d1lqvc_	d2pf1a2
d4gmea1	d4gmea1
d3bjsb1	d4gmea1
d3shha1	d4gmea1
d3rite1	d4gmea1
d3ct2a1	d4gmea1
d2mkva_	d2mkva_
d3wgue_	d2mkva_
d3b8eh_	d2mkva_
d2jo1a_	d2mkva_
d2jp3a_	d2mkva_
d5avrg_	d2mkva_
d3am9a3	d3am9a3
d1jroc4	d3am9a3
d1g5hd2	d1g5hd2
d1atib2	d1g5hd2
d3x3fa2	d3x3fa2
d6t3jj2	d3x3fa2
d1extb2	d3x3fa2
d3kcmd_	d3kcmd_
d4txoe_	d3kcmd_
d2ls5a1	d3kcmd_
d1o73a_	d3kcmd_
d4gqfa1	d3kcmd_
d6p0wa_	d3kcmd_
d3drnb_	d3kcmd_
d1lu4a_	d3kcmd_
d2b5xa1	d3kcmd_
d2f51b1	d3kcmd_
d1faaa_	d3kcmd_
d5nyna_	d3kcmd_
d1gh2a_	d3kcmd_
d3cxgb1	d3kcmd_
d1r26a1	d3kcmd_
d4ruva_	d3kcmd_
d1xtxa1	d3kcmd_
d3wgdb1	d3kcmd_
d3h79a_	d3kcmd_
d2dj0a1	d3kcmd_
d2fn4a1	d2fn4a1
d2mmca_	d2fn4a1
d6ojfa_	d2fn4a1
d5c1ta1	d2fn4a1
d1ksha_	d2fn4a1
d1agra2	d2fn4a1
d2yc4d_	d2fn4a1
d6d71b_	d2fn4a1
d6qnpa2	d6qnpa2
d1bpoc1	d6qnpa2
d1utcb1	d6qnpa2
d3oqpa_	d3oqpa_
d3lqya_	d3oqpa_
d5hwha_	d3oqpa_
d3eefb_	d3oqpa_
d4l07a_	d3oqpa_
d1nf8a_	d3oqpa_
d1yaca_	d3oqpa_
d3ctda1	d3ctda1
d2qw6d_	d3ctda1
d6bhwd1	d6bhwd1
d2cwaa_	d6bhwd1
d5culb_	d5culb_
d3bzra1	d5culb_
d1izca_	d1izca_
d4tv6a_	d1izca_
d1v8qb_	d1v8qb_
d2gyau1	d1v8qb_
d2a06j_	d2a06j_
d1be3j_	d2a06j_
d3cx5i_	d2a06j_
d2yt9a1	d2yt9a1
d2epsa1	d2yt9a1
d2kmka_	d2yt9a1
d2rv6a1	d2yt9a1
d2dmda1	d2yt9a1
d2csha1	d2yt9a1
d2dmda2	d2yt9a1
d2cota2	d2yt9a1
d2adra1	d2yt9a1
d2ct1a2	d2yt9a1
d2fe0a1	d2fe0a1
d1r75a_	d2fe0a1
d1k8ba_	d1k8ba_
d1neea1	d1k8ba_
d1yq2a4	d1yq2a4
d3e1f45	d1yq2a4
d2obad1	d2obad1
d2dj6a_	d2obad1
d2a0sb_	d2obad1
d1p16b2	d1p16b2
d1ckma2	d1p16b2
d2yuua1	d2yuua1
d2e73a1	d2yuua1
d1y8fa1	d2yuua1
d1fara_	d2yuua1
d3ci0j1	d3ci0j1
d5bw0g_	d3ci0j1
d4yk0d_	d4yk0d_
d5s8ja_	d4yk0d_
d5amfa1	d4yk0d_
d3lxja1	d4yk0d_
d2ktbb1	d4yk0d_
d6nimb_	d4yk0d_
d3uv5a1	d4yk0d_
d4qbma1	d4yk0d_
d5n15b1	d4yk0d_
d1tqga1	d1tqga1
d1i5nb_	d1tqga1
d3llba_	d3llba_
d2plia1	d3llba_
d3laea1	d3llba_
d2p4pb_	d3llba_
d2r8da1	d3llba_
d2p3ha1	d3llba_
d2p13b_	d3llba_
d6otvb2	d6otvb2
d2pw0b2	d6otvb2
d4kunb_	d4kunb_
d2qkeb_	d4kunb_
d1bgyu_	d1bgyu_
d1pp9i_	d1bgyu_
d1l0ni_	d1bgyu_
d2i2qa_	d2i2qa_
d2mp4a1	d2i2qa_
d2xf1a1	d2i2qa_
d2wcwb_	d2wcwb_
d1gefa_	d2wcwb_
d1hh1a_	d2wcwb_
d1ob9a_	d2wcwb_
d1k6db_	d1k6db_
d2ahva2	d1k6db_
d1poic_	d1k6db_
d1lopa_	d1lopa_
d2hq6a1	d1lopa_
d2q1wa_	d2q1wa_
d3ko8a_	d2q1wa_
d1i24a1	d2q1wa_
d3sc6c_	d2q1wa_
d2z1mc_	d2q1wa_
d1uc3i_	d1uc3i_
d1jeba_	d1uc3i_
d1hlba_	d1uc3i_
d2olpa_	d1uc3i_
d2r4zb_	d1uc3i_
d2c0kb_	d1uc3i_
d1yhun_	d1uc3i_
d4rsub_	d4rsub_
d2re9b_	d4rsub_
d5cirb_	d4rsub_
d1st6a3	d1st6a3
d1st6a4	d1st6a3
d1st6a5	d1st6a3
d1v7ra_	d1v7ra_
d4bnqb_	d1v7ra_
d2cu8a2	d2cu8a2
d1imla2	d2cu8a2
d3wjab2	d3wjab2
d5ceea2	d3wjab2
d2l7wa_	d2l7wa_
d6igja_	d2l7wa_
d1wpxb1	d2l7wa_
d1vcua_	d1vcua_
d1eura_	d1vcua_
d1slia2	d1vcua_
d1dila_	d1vcua_
d1v2xa_	d1v2xa_
d1ipaa1	d1v2xa_
d5co4b1	d1v2xa_
d1hkqb_	d1hkqb_
d6h24a_	d1hkqb_
d4zgld_	d4zgld_
d3ksva_	d4zgld_
d7mqwa_	d4zgld_
d1fhia_	d4zgld_
d1z84a2	d4zgld_
d1sddb1	d1sddb1
d2j5wa4	d1sddb1
d3g9qa1	d3g9qa1
d2wi8a1	d3g9qa1
d6mfla1	d3g9qa1
d2m6ka_	d3g9qa1
d2etva1	d3g9qa1
d3gj3b_	d3gj3b_
d3ch5b_	d3gj3b_
d2ebva1	d3gj3b_
d4ygqa1	d4ygqa1
d2om6a_	d4ygqa1
d1juda_	d4ygqa1
d1c26a_	d1c26a_
d1safa_	d1c26a_
d4d1mf_	d1c26a_
d2nb1a1	d1c26a_
d3zy0a_	d1c26a_
d2qzgb_	d2qzgb_
d2qsba1	d2qzgb_
d5hmca1	d5hmca1
d1q4sa_	d5hmca1
d4k4bf_	d5hmca1
d1p3qr_	d1p3qr_
d1p3qq_	d1p3qr_
d2wnsb1	d2wnsb1
d3mjdd1	d2wnsb1
d2yvld_	d2yvld_
d1yb2a1	d2yvld_
d2b25b_	d2yvld_
d4o29a1	d2yvld_
d1rqtb_	d1rqtb_
d1rqua1	d1rqtb_
d1dd3a1	d1rqtb_
d1dd3c_	d1rqtb_
d1dw1c_	d1dw1c_
d1e8ea_	d1dw1c_
d1fc2c_	d1fc2c_
d6k6bb1	d1fc2c_
d2otkf_	d1fc2c_
d1jehb2	d1jehb2
d1ebdb2	d1jehb2
d1f8wa2	d1jehb2
d1xhca2	d1jehb2
d1d7ya2	d1jehb2
d2jgra1	d2jgra1
d4wera1	d2jgra1
d1pfka_	d1pfka_
d2f48b_	d1pfka_
d4us9a2	d4us9a2
d2w3ra2	d4us9a2
d1rm6c1	d4us9a2
d1h59b_	d1h59b_
d2dspb1	d1h59b_
d1mhua_	d1mhua_
d4mt2a_	d1mhua_
d2mhua_	d1mhua_
d1sdja1	d1sdja1
d1u1wb1	d1sdja1
d4duna1	d1sdja1
d2dawa1	d2dawa1
d2daxa1	d2dawa1
d1l3wa1	d1l3wa1
d2yqga1	d1l3wa1
d5vn6b_	d5vn6b_
d6l86c_	d5vn6b_
d1j30b_	d1j30b_
d1yuxa1	d1j30b_
d1xeac1	d1xeac1
d1tlta1	d1xeac1
d1h6da1	d1xeac1
d1zh8b1	d1xeac1
d1gcua1	d1xeac1
d1t7pa2	d1t7pa2
d1klna2	d1t7pa2
d1o7fa3	d1o7fa3
d1o7fa2	d1o7fa3
d4d7ta_	d1o7fa3
d4muva1	d1o7fa3
d5c8wb_	d1o7fa3
d4jvaa2	d1o7fa3
d6ftfb2	d1o7fa3
d2oz6a2	d1o7fa3
d1qcrd2	d1qcrd2
d3l72d1	d1qcrd2
d1posb1	d1posb1
d1hi7b_	d1posb1
d2f1mc_	d2f1mc_
d3lnnb_	d2f1mc_
d1v8oh1	d1v8oh1
d2fe1a1	d1v8oh1
d1b0nb_	d1b0nb_
d5tmxb1	d1b0nb_
d2k7ya1	d2k7ya1
d2n29a_	d2k7ya1
d7bm8b2	d7bm8b2
d6sdka2	d7bm8b2
d6ei4a_	d6ei4a_
d4z0ya_	d6ei4a_
d2frha2	d2frha2
d1p4xa2	d2frha2
d2fbec2	d2fbec2
d3uv9a1	d2fbec2
d3d12e_	d3d12e_
d3czub_	d3d12e_
d2ylia_	d2ylia_
d2ccyb_	d2ylia_
d1s05a_	d2ylia_
d1ozfb1	d1ozfb1
d1upcd1	d1ozfb1
d2c31b1	d1ozfb1
d1sjpb1	d1sjpb1
d1a6eb1	d1sjpb1
d3mzgb1	d3mzgb1
d2aewa1	d3mzgb1
d1bqub1	d3mzgb1
d1kfya1	d1kfya1
d2bs3d1	d1kfya1
d1zoya3	d1kfya1
d1chua1	d1kfya1
d2ocea4	d2ocea4
d5ie8a_	d2ocea4
d2khja1	d2ocea4
d1e3pa2	d2ocea4
d1bo9a_	d1bo9a_
d1avca2	d1bo9a_
d1e6ba2	d1e6ba2
d3nivb1	d1e6ba2
d5f0gb1	d1e6ba2
d4ecib1	d1e6ba2
d2x64c1	d1e6ba2
d5evoa1	d1e6ba2
d3wd6a1	d1e6ba2
d1yb5b2	d1yb5b2
d1v3ta2	d1yb5b2
d1xa0a2	d1yb5b2
d2gz3d1	d2gz3d1
d2hjsa1	d2gz3d1
d2dtha2	d2dtha2
d1hxdb3	d2dtha2
d1sg4b_	d1sg4b_
d1wdkb4	d1sg4b_
d5o34a_	d1sg4b_
d1wz8d_	d1sg4b_
d3laoc_	d1sg4b_
d4knpa_	d1sg4b_
d3gkba1	d1sg4b_
d2q2xa1	d1sg4b_
d4u19b1	d1sg4b_
d4j0eb2	d4j0eb2
d1wdkb1	d4j0eb2
d1evua1	d1evua1
d1nudb1	d1evua1
d1g0da1	d1evua1
d4k55a1	d4k55a1
d4gosa1	d4k55a1
d5yxkc1	d4k55a1
d1kacb_	d4k55a1
d5fdya1	d4k55a1
d1qfoc_	d4k55a1
d1ntga1	d1ntga1
d1pybb_	d1ntga1
d5zdib_	d1ntga1
d1apaa_	d1apaa_
d2mlla_	d1apaa_
d1dm0l_	d1apaa_
d2jy5a1	d2jy5a1
d1veja1	d2jy5a1
d2dena_	d2jy5a1
d1x62a2	d1x62a2
d1x64a1	d1x62a2
d2d8xa2	d1x62a2
d1v6ga1	d1x62a2
d2dloa1	d1x62a2
d4bhxa1	d4bhxa1
d4e6sa_	d4bhxa1
d2b06a1	d2b06a1
d3fk9a1	d2b06a1
d1jrka1	d2b06a1
d4mpob_	d2b06a1
d1vc8a1	d2b06a1
d1su2b_	d2b06a1
d4hvya_	d2b06a1
d1ryaa_	d2b06a1
d5bs6c1	d2b06a1
d2fmlb2	d2b06a1
d4dywa_	d2b06a1
d5zrka_	d2b06a1
d5ghib_	d2b06a1
d5ltub_	d2b06a1
d1ktga_	d2b06a1
d1jkna1	d2b06a1
d1nqya_	d2b06a1
d2b2kb2	d2b06a1
d2azwa1	d2b06a1
d2a6ta2	d2b06a1
d1em2a_	d1em2a_
d2r55a1	d1em2a_
d3pr0b_	d3pr0b_
d5ac3a_	d3pr0b_
d1xmea_	d1xmea_
d1ffta_	d1xmea_
d2j4wd1	d2j4wd1
d1hn6a_	d2j4wd1
d4zrbg1	d4zrbg1
d1psub_	d4zrbg1
d2p30a_	d2p30a_
d1h2fa_	d2p30a_
d3e9da_	d2p30a_
d3d8ha_	d2p30a_
d2a6pa_	d2p30a_
d3bifa2	d2p30a_
d5dayb1	d5dayb1
d5ypse_	d5dayb1
d2z2rb1	d5dayb1
d2bskc1	d2bskc1
d3dxra_	d2bskc1
d1p8ja1	d1p8ja1
d1r64a1	d1p8ja1
d1wh6a1	d1wh6a1
d2d5vb1	d1wh6a1
d2csfa1	d1wh6a1
d2daga1	d2daga1
d1veka1	d2daga1
d2daka1	d2daga1
d1wiva1	d2daga1
d1wgna1	d2daga1
d5xbob_	d2daga1
d2crna1	d2daga1
d2jupw1	d2jupw1
d2mwea_	d2jupw1
d2l5fa1	d2jupw1
d2ysha1	d2jupw1
d7lp4a_	d2jupw1
d1tk7a2	d2jupw1
d2ysfa2	d2jupw1
d1wmva1	d2jupw1
d1eg4a3	d2jupw1
d1o6wa2	d2jupw1
d1iwaf_	d1iwaf_
d6uewd_	d1iwaf_
d1poib_	d1poib_
d5mzyb_	d1poib_
d6conf_	d1poib_
d3pveb_	d3pveb_
d1pz7a_	d3pveb_
d6pnpa1	d3pveb_
d1t9ra_	d1t9ra_
d1sojd_	d1t9ra_
d1ti6d2	d1ti6d2
d3ir6b_	d1ti6d2
d6sdvb_	d1ti6d2
d1oqen_	d1oqen_
d1oqeo_	d1oqen_
d1y14c_	d1y14c_
d2c35a1	d1y14c_
d4wzfb1	d4wzfb1
d5wuta_	d4wzfb1
d1egua2	d1egua2
d1f1sa3	d1egua2
d2yuaa1	d2yuaa1
d5vsoa1	d2yuaa1
d4lypa1	d4lypa1
d3wfla_	d4lypa1
d1go0a_	d1go0a_
d1nmub_	d1go0a_
d3fm6a_	d3fm6a_
d2vcfx2	d3fm6a_
d5jhxb1	d3fm6a_
d1fx4a_	d1fx4a_
d5d0eb1	d1fx4a_
d3mr7a1	d1fx4a_
d3et6a1	d1fx4a_
d6yzza_	d6yzza_
d6th0b_	d6yzza_
d1bo4b_	d6yzza_
d5f47a_	d6yzza_
d1on0a1	d6yzza_
d2ae6b_	d6yzza_
d1z4eb_	d6yzza_
d2g3aa1	d6yzza_
d1vkca_	d6yzza_
d1yvkd2	d6yzza_
d1yx0a1	d6yzza_
d2i79b_	d6yzza_
d4m85a1	d6yzza_
d4i6nc1	d4i6nc1
d3ifwa_	d4i6nc1
d3cx5g_	d3cx5g_
d1l0lf_	d3cx5g_
d1ef4a_	d1ef4a_
d7d59j_	d1ef4a_
d1v4eb_	d1v4eb_
d6sxla_	d1v4eb_
d1a79c1	d1a79c1
d2gjwc2	d1a79c1
d4gwhg3	d4gwhg3
d1tbub_	d4gwhg3
d1rwaa1	d1rwaa1
d1cb8a1	d1rwaa1
d2bfwa1	d2bfwa1
d1rzua_	d2bfwa1
d3c48b_	d2bfwa1
d2f9fa1	d2bfwa1
d2iv7a1	d2bfwa1
d4gfta_	d4gfta_
d6tj5b1	d4gfta_
d1c9be2	d1c9be2
d1d3ub2	d1c9be2
d1aisb1	d1c9be2
d1j1va_	d1j1va_
d1l8qa1	d1j1va_
d5axwa1	d5axwa1
d4oo8a1	d5axwa1
d1seza2	d1seza2
d2ivdb2	d1seza2
d1qzua_	d1qzua_
d6jlsa_	d1qzua_
d1p3y1_	d1qzua_
d1sfkb_	d1sfkb_
d5yghb_	d1sfkb_
d1dc7a_	d1dc7a_
d1sd5a_	d1dc7a_
d2n9ua1	d1dc7a_
d3h5ia_	d1dc7a_
d3t8ya_	d1dc7a_
d1oxkh_	d1dc7a_
d5kbxb_	d1dc7a_
d2vuhb_	d1dc7a_
d3rqia_	d1dc7a_
d1umqa_	d1dc7a_
d6ziia_	d1dc7a_
d2epra1	d2epra1
d2yt9a2	d2epra1
d1oqzb_	d1oqzb_
g1e3a.1	d1oqzb_
d3od3a2	d3od3a2
d4akpa2	d3od3a2
d1nmva2	d1nmva2
d1zk6a_	d1nmva2
d1m5ya2	d1nmva2
d1xdna_	d1xdna_
d1s68a_	d1xdna_
d2ohha2	d2ohha2
d2q9ub2	d2ohha2
d1k0rb4	d1k0rb4
d1hh2p4	d1k0rb4
d1u9ca_	d1u9ca_
d1n57a_	d1u9ca_
d1oi4b1	d1u9ca_
d5sy4b_	d1u9ca_
d4ympc_	d4ympc_
d3sz6a_	d4ympc_
d1gzsd_	d1gzsd_
d2aica_	d1gzsd_
d1tiya1	d1tiya1
d4lcna_	d1tiya1
d2hxva2	d1tiya1
d1vq2a_	d1tiya1
d6l2la1	d1tiya1
d1p6ra_	d1p6ra_
d1sd4a_	d1p6ra_
d1avac_	d1avac_
d5yczb_	d1avac_
g1r8o.1	d1avac_
d3wmod_	d3wmod_
d7c9ri_	d3wmod_
d6et5e_	d3wmod_
d7ddqt_	d3wmod_
d1hxva_	d1hxva_
d5owib2	d1hxva_
d4c7da2	d4c7da2
d1yhta1	d4c7da2
d1husa_	d1husa_
d1iqva_	d1husa_
d1eyva_	d1eyva_
d1baqa_	d1eyva_
d1za3s3	d1za3s3
d1d4va3	d1za3s3
d3m52a1	d3m52a1
d3m4ta_	d3m52a1
d2ppia1	d3m52a1
d1qrla_	d1qrla_
d6ivec_	d1qrla_
d2vk1a2	d2vk1a2
d1ovmb1	d2vk1a2
d2ooya_	d2ooya_
d2qlva1	d2ooya_
d4eaga_	d2ooya_
d2flic_	d2flic_
d3cu2a_	d2flic_
d1v33a_	d1v33a_
d5of3a_	d1v33a_
d2mzea1	d2mzea1
d1slma1	d2mzea1
d1l6ja1	d2mzea1
d3jbra3	d3jbra3
d6vwxd_	d3jbra3
d1pfua1	d1pfua1
d1rqga1	d1pfua1
d3vu8a2	d1pfua1
d1xwea1	d1xwea1
d2a73b8	d1xwea1
d4lcta2	d4lcta2
d4lctd2	d4lcta2
d1dfxa1	d1dfxa1
d2hvbb_	d1dfxa1
d2hgj31	d2hgj31
d1vs6z1	d2hgj31
d1bxda_	d1bxda_
d3dgeb2	d1bxda_
d1ebdb3	d1ebdb3
d1xdib2	d1ebdb3
d5gm0a2	d5gm0a2
d3duib_	d5gm0a2
d6n3ra1	d5gm0a2
d3tqmc_	d3tqmc_
d4heia_	d3tqmc_
d1imua_	d3tqmc_
d2xahb2	d2xahb2
d2ltpa_	d2xahb2
d2cu7a1	d2xahb2
d2yuma1	d2xahb2
d3osfa2	d2xahb2
d2kdza2	d2xahb2
d2d9aa1	d2xahb2
d1iv6a_	d2xahb2
d4a69c_	d2xahb2
d3rkpa1	d3rkpa1
d3phsa2	d3rkpa1
d3rkpa3	d3rkpa1
d2nnra_	d2nnra_
d6cjza1	d2nnra_
d2jdii_	d2jdii_
d2v7qi_	d2jdii_
d1zjka2	d1zjka2
d3gova1	d1zjka2
d1saza2	d1saza2
d6ioya2	d1saza2
d2pila_	d2pila_
d1hpwa1	d2pila_
d1xhsa_	d1xhsa_
d1v30a1	d1xhsa_
d5acna2	d5acna2
d1l5jb3	d5acna2
d1erza_	d1erza_
d3p8kb1	d1erza_
d3i99a2	d3i99a2
d3tx1a2	d3i99a2
d1pxza_	d1pxza_
d2nzma_	d1pxza_
d1o8ma_	d1pxza_
d1idja_	d1pxza_
d6stma2	d6stma2
d6stma1	d6stma2
d5xdia_	d6stma2
d1t0wa_	d6stma2
d5zv6a_	d6stma2
d1p9za_	d6stma2
d1pfda_	d1pfda_
d1e10a_	d1pfda_
d1jq4a_	d1pfda_
d2piaa3	d1pfda_
d3h90a2	d3h90a2
d3bypb_	d3h90a2
d3ct6a1	d3ct6a1
d3b48f2	d3ct6a1
d1h67a1	d1h67a1
d1wyra1	d1h67a1
d2d86a1	d1h67a1
d1p5sa_	d1h67a1
d5xoha1	d5xoha1
d6nejb1	d5xoha1
d5icca1	d5xoha1
d1xeda1	d1xeda1
d1hkfa_	d1xeda1
d2q87b1	d1xeda1
d1nwba_	d1nwba_
d1r94a_	d1nwba_
d1tsga_	d1tsga_
d1poza_	d1tsga_
d5gy3a_	d5gy3a_
d1cema_	d5gy3a_
d3g68a1	d3g68a1
d3hbaa_	d3g68a1
d1jeoa_	d3g68a1
d1wela1	d1wela1
d5uzmb_	d1wela1
d2dnna1	d1wela1
d2cpya1	d1wela1
d2zt9b_	d2zt9b_
d3l73c2	d2zt9b_
d2d4la_	d2d4la_
d1f7da_	d2d4la_
d6maoa_	d2d4la_
d6kdda_	d6kdda_
d1e5ja_	d6kdda_
d5hnnc1	d6kdda_
d1c0db_	d6kdda_
d1v47a1	d1v47a1
d1x6vb1	d1v47a1
d2ihvd2	d2ihvd2
d1jscb2	d2ihvd2
d1spwa_	d1spwa_
d4ar3a_	d1spwa_
d1b71a2	d1spwa_
d2dnca1	d2dnca1
d1ghka_	d2dnca1
d3p7mb1	d3p7mb1
d1hyhd1	d3p7mb1
d5nuec1	d3p7mb1
d1ugoa1	d1ugoa1
d1m7ka_	d1ugoa1
d2hi0b_	d2hi0b_
d2ah5a1	d2hi0b_
d2fi1a1	d2hi0b_
d6f8ha_	d6f8ha_
d2icpa1	d6f8ha_
d1g8kc2	d1g8kc2
d3ml1a1	d1g8kc2
d3i9v33	d1g8kc2
d1o5wc1	d1o5wc1
d2iw5a2	d1o5wc1
d1seza1	d1o5wc1
d2d7na1	d2d7na1
d2dlga1	d2d7na1
d2k7qa1	d2d7na1
d2ds4a1	d2d7na1
d6g4aa_	d2d7na1
d1qfhb2	d2d7na1
d2dica1	d2d7na1
d2v0ea1	d2v0ea1
d2ckaa1	d2v0ea1
d2v0fa1	d2v0ea1
d2o13a1	d2o13a1
d1ctla1	d2o13a1
d2hybk_	d2hybk_
d2d1ph_	d2hybk_
d3ginb_	d3ginb_
d2lt9a_	d3ginb_
d2oeha1	d2oeha1
d1kn5a_	d2oeha1
d2eh9a_	d2oeha1
d2jrza1	d2oeha1
d1atga_	d1atga_
d4kd5a_	d1atga_
d3dmbb_	d3dmbb_
d2i02a1	d3dmbb_
d2fhqb_	d3dmbb_
d1zkha1	d1zkha1
d1we6a1	d1zkha1
d4dwfb1	d1zkha1
d2dzia1	d1zkha1
d2lrwa_	d1zkha1
d2nbua_	d1zkha1
d6fnnd1	d1zkha1
d1x1ma1	d1zkha1
d1v86a1	d1zkha1
d4pnga2	d4pnga2
d7daya2	d4pnga2
d5zfgb2	d4pnga2
d1e3ja1	d1e3ja1
d1f8fa1	d1e3ja1
d1kolb1	d1e3ja1
d1qorb1	d1e3ja1
d1iz0a1	d1e3ja1
d1ea9d1	d1ea9d1
d1vfma1	d1ea9d1
d5v10b_	d5v10b_
d2egia_	d5v10b_
d3ck1a1	d5v10b_
d5vpjd_	d5v10b_
d2vg1b_	d2vg1b_
d5xk6a1	d2vg1b_
d2esha1	d2esha1
d3ri2a1	d2esha1
d3l7wa_	d2esha1
d1v3fa1	d1v3fa1
d2csoa1	d1v3fa1
d6a2sa_	d6a2sa_
d1i4vb_	d6a2sa_
d1f39b_	d6a2sa_
d1va9a1	d1va9a1
d2dlha1	d1va9a1
d2ed7a1	d1va9a1
d2dtge2	d1va9a1
d1x5xa1	d1va9a1
d1uena1	d1va9a1
d6tpua2	d1va9a1
d1wj3a1	d1va9a1
d1x5ia1	d1va9a1
d2zjpu1	d2zjpu1
d2j0311	d2zjpu1
d1cwva1	d1cwva1
d6tplb2	d1cwva1
d3jpza1	d3jpza1
d4bg4a1	d3jpza1
d2waga1	d2waga1
d6zmva_	d2waga1
d1urha2	d1urha2
d1okga2	d1urha2
d1h4kx2	d1urha2
d2o10a2	d2o10a2
d1b8ta2	d2o10a2
d2lucb_	d2lucb_
d2ki4b_	d2lucb_
d1cb1a_	d2lucb_
d3e3aa1	d3e3aa1
d2xuaa_	d3e3aa1
d3kxpb_	d3e3aa1
d5hkba_	d3e3aa1
d1j1ia_	d3e3aa1
d5yhpa_	d3e3aa1
d3bdia1	d3e3aa1
d6tj2a_	d3e3aa1
d6eicc_	d3e3aa1
d3hpva2	d3hpva2
d4z6zd2	d3hpva2
d4uypa1	d4uypa1
d4umsa1	d4uypa1
d4d2kb1	d4d2kb1
d1d4ba1	d4d2kb1
d1r3nb2	d1r3nb2
d1z2lb2	d1r3nb2
d5vt8c1	d5vt8c1
d5szrc3	d5vt8c1
d5szrc4	d5vt8c1
d1vfgb2	d1vfgb2
d1ou5b2	d1vfgb2
d1wu7b1	d1wu7b1
d1qe0b1	d1wu7b1
d1asqa2	d1asqa2
d1v10a2	d1asqa2
d3hdob_	d3hdob_
d1u08b_	d3hdob_
d2o0ma1	d2o0ma1
d3kv1a_	d2o0ma1
d1oqdn_	d1oqdn_
d1oqdm_	d1oqdn_
d5x3da_	d5x3da_
d1coza_	d5x3da_
d3msxb_	d3msxb_
d5my3a1	d3msxb_
d5f68a_	d5f68a_
d4wn5a1	d5f68a_
d3omsa_	d3omsa_
d1u69a_	d3omsa_
d3wyaa1	d3wyaa1
d2e1ra2	d3wyaa1
d2dy1a2	d3wyaa1
d1g7ra4	d3wyaa1
d4hasa_	d4hasa_
d3luib_	d4hasa_
d2wwea1	d4hasa_
d2reda1	d4hasa_
d1kq6a_	d4hasa_
d1xtea_	d4hasa_
d2ypsa1	d4hasa_
d4az9a1	d4hasa_
d1h6ha_	d4hasa_
d1kmda_	d4hasa_
d1mpha_	d1mpha_
d2j59m1	d1mpha_
d3w1zd_	d3w1zd_
d1gmea_	d3w1zd_
d4feia_	d3w1zd_
d1shsc_	d3w1zd_
d4ylba1	d3w1zd_
d3k5la1	d3k5la1
d4ahca1	d3k5la1
d2ovfa1	d2ovfa1
d2gwhb_	d2ovfa1
d3rkoe_	d3rkoe_
d6y11a_	d3rkoe_
d1cxya_	d1cxya_
d4b8nd_	d1cxya_
d2gokb1	d2gokb1
d2g3fb1	d2gokb1
d1znpf_	d1znpf_
d3lzzb_	d1znpf_
d4lgqc_	d4lgqc_
d5x7la1	d4lgqc_
d2gexb_	d4lgqc_
d1je3a1	d1je3a1
d1jdqa1	d1je3a1
d3lvjc_	d1je3a1
d1pava_	d1je3a1
d1kigl_	d1kigl_
d1pfxl2	d1kigl_
d2khba_	d2khba_
d1kala_	d2khba_
d1d7la1	d1d7la1
d3c96a1	d1d7la1
d1fohd5	d1d7la1
d2vouc1	d1d7la1
d1lfwa1	d1lfwa1
d1cg2b1	d1lfwa1
g1q7l.2	d1lfwa1
d1vgya1	d1lfwa1
d2wh5a_	d2wh5a_
d3epyb_	d2wh5a_
d2w88a_	d2w88a_
d2idua_	d2w88a_
d5x31a1	d2w88a_
d3pxja1	d3pxja1
d3pxja2	d3pxja1
d2iepb1	d3pxja1
d2v44a2	d3pxja1
d1olzb1	d3pxja1
d4ymha_	d4ymha_
d6aw6a_	d4ymha_
d3ntvb_	d4ymha_
d2kjra1	d2kjra1
d1v6ea1	d2kjra1
d1a0hd1	d1a0hd1
d4iuab3	d1a0hd1
d2k4ra_	d1a0hd1
d1dbua_	d1dbua_
d1wdvb_	d1dbua_
d6gsca1	d6gsca1
d3h1sb1	d6gsca1
d3tz5a1	d3tz5a1
d1y8na1	d3tz5a1
d1r5ga2	d1r5ga2
d1o0xa_	d1r5ga2
d3cnwb2	d3cnwb2
d2le1a1	d3cnwb2
d1hvwa_	d1hvwa_
d1axha_	d1hvwa_
d1nr4e_	d1nr4e_
d2ra4b_	d1nr4e_
d1j9oa_	d1nr4e_
d4ub6i_	d4ub6i_
d7nhqi_	d4ub6i_
d1ffth2	d1ffth2
d1ococ_	d1ffth2
d1tbrr2	d1tbrr2
d2erwa1	d1tbrr2
d2n71a_	d1tbrr2
d1m8ba_	d1tbrr2
d1pcea_	d1tbrr2
d1lr7a2	d1tbrr2
d1vs6j1	d1vs6j1
d1j3aa_	d1vs6j1
d1xmrb4	d1xmrb4
d2j9ra2	d1xmrb4
d3fefa1	d3fefa1
d1obbb1	d3fefa1
d3o3fa_	d3o3fa_
d1ekeb_	d3o3fa_
d1joga_	d1joga_
d1wj8a_	d1joga_
d7ahsc3	d7ahsc3
d2k1ma_	d7ahsc3
d2e7ba1	d7ahsc3
d2cr6a1	d7ahsc3
d2lvca1	d7ahsc3
d2eo1a1	d7ahsc3
d1x44a1	d7ahsc3
d2yuza1	d7ahsc3
d5jdda3	d7ahsc3
d3r4dc2	d7ahsc3
d2fkia1	d2fkia1
d2a1va1	d2fkia1
d1jt8a_	d1jt8a_
d1d7qa_	d1jt8a_
d2zjpf1	d2zjpf1
d1yhqi1	d2zjpf1
d3u1la2	d3u1la2
d3jb9y2	d3u1la2
d1th7n2	d1th7n2
d6iczn_	d1th7n2
d3jcmq_	d1th7n2
d6iczi_	d1th7n2
d1pbya5	d1pbya5
d1jmza5	d1pbya5
d3b8oc_	d3b8oc_
d3b8pc1	d3b8oc_
d6lumk2	d6lumk2
d2bs2e1	d6lumk2
d1ysth2	d1ysth2
d1pssh2	d1ysth2
d6ijjj_	d6ijjj_
d6k61j_	d6ijjj_
d3giaa_	d3giaa_
d5j4ib_	d3giaa_
d1dara4	d1dara4
d6id1c5	d1dara4
d2m71a1	d2m71a1
d1tiga_	d2m71a1
d1r1uc_	d1r1uc_
d6jmic_	d1r1uc_
d4ooib_	d1r1uc_
d2kkob1	d1r1uc_
d1u2wd_	d1r1uc_
d2jsca_	d1r1uc_
d3pt6a1	d3pt6a1
d2j2sa_	d3pt6a1
d1usoa_	d1usoa_
d3jstb_	d1usoa_
d2ebba_	d1usoa_
d3aizd2	d3aizd2
d3a2fb2	d3aizd2
d5f7id2	d3aizd2
d3pgeb2	d3aizd2
d1rxma2	d3aizd2
d1sh0b_	d1sh0b_
d4nz0c_	d1sh0b_
d1ksqa1	d1ksqa1
d1apja_	d1ksqa1
d3vb2b_	d3vb2b_
d6pcoa_	d3vb2b_
d3cjna_	d3vb2b_
d2fbkb_	d3vb2b_
d3bpva_	d3vb2b_
d2ethb2	d3vb2b_
d2hr3a1	d3vb2b_
d3jw4c_	d3vb2b_
d1z9cf_	d3vb2b_
d2fbia1	d3vb2b_
d1s3jb_	d3vb2b_
d2d7ja_	d2d7ja_
d1jdbf2	d2d7ja_
d1o1ya1	d2d7ja_
d2vz4a_	d2vz4a_
d4ua1a_	d2vz4a_
d1q08a_	d2vz4a_
d3iaoa1	d2vz4a_
d2wnra1	d2wnra1
d2wnrf1	d2wnra1
d4q2ul_	d4q2ul_
d4lsyb_	d4q2ul_
d1j10d1	d1j10d1
d1cgta2	d1j10d1
d1u3da2	d1u3da2
d1dnpb2	d1u3da2
d5zm0a1	d1u3da2
d4pnva2	d4pnva2
d1vpka2	d4pnva2
d3so1h_	d3so1h_
d1prsa2	d3so1h_
d1v9ld1	d1v9ld1
d1bw9a1	d1v9ld1
d1vrgc2	d1vrgc2
d2f9ia1	d1vrgc2
d5ctec2	d1vrgc2
d2ogga1	d2ogga1
d3bwga2	d2ogga1
d1l9ma3	d1l9ma3
d1g0da3	d1l9ma3
d6isbc_	d6isbc_
d6arqa_	d6isbc_
d5b21a_	d6isbc_
d1vq0b1	d1vq0b1
d1i7fa_	d1vq0b1
d3ldaa2	d3ldaa2
d1ubga1	d3ldaa2
d3k5oa2	d3k5oa2
d3ne6a2	d3k5oa2
d2irpb_	d2irpb_
d2opib_	d2irpb_
d2xgva_	d2xgva_
d1eiaa2	d2xgva_
d1l6na2	d2xgva_
d2e74g_	d2e74g_
d1vf5g_	d2e74g_
d1q90g_	d2e74g_
d2wbia1	d2wbia1
d1rx0d2	d2wbia1
d1r2ja2	d2wbia1
d5k3id1	d2wbia1
d3tqra_	d3tqra_
d5uaib1	d3tqra_
d1msaa_	d1msaa_
d4tkca_	d1msaa_
d1hx7a_	d1hx7a_
d5c32d_	d1hx7a_
d3bvpb1	d1hx7a_
d3hsaa_	d3hsaa_
d3b77b_	d3hsaa_
d2cdqb2	d2cdqb2
d2j0wa2	d2cdqb2
d2x1ka1	d2x1ka1
d4ybnb_	d2x1ka1
d2xmwa_	d2xmwa_
d2roea_	d2xmwa_
d2ggpb2	d2xmwa_
d2fuja1	d2fuja1
d2o6ta2	d2fuja1
d5evla_	d5evla_
d1ci8a_	d5evla_
d2nr7a1	d2nr7a1
d2ikbc_	d2nr7a1
d5hiha1	d5hiha1
d5cb5p_	d5hiha1
d2rcya1	d2rcya1
d3trib1	d2rcya1
d3mkhb2	d3mkhb2
d1ws9b1	d3mkhb2
d1jy1a1	d1jy1a1
d3sq7d1	d1jy1a1
d3ju8b_	d3ju8b_
d1cbza_	d3ju8b_
d2dc4b_	d2dc4b_
d7nsfa_	d2dc4b_
d2kosa_	d2kosa_
d6yj4t_	d2kosa_
d2l4ba1	d2kosa_
d2gwgb2	d2gwgb2
d3ij6a1	d2gwgb2
d6lkva1	d6lkva1
d4grpa_	d6lkva1
d1kuta_	d1kuta_
d1a48a_	d1kuta_
d3demb3	d3demb3
d1nzia1	d3demb3
d1kk6b_	d1kk6b_
d3nz2i_	d1kk6b_
d2oj5b1	d2oj5b1
d1kkea1	d2oj5b1
d6arhb_	d6arhb_
d5ui3a_	d6arhb_
d1j0wa1	d1j0wa1
d1xr0b1	d1j0wa1
d1u89a1	d1u89a1
d1sj8a2	d1u89a1
d4kz1a_	d4kz1a_
d2cc3a1	d4kz1a_
d1hcza2	d1hcza2
d1ci3m2	d1hcza2
d3hfia_	d3hfia_
d2p19a1	d3hfia_
d2ikka1	d3hfia_
d3k48d_	d3k48d_
d1rj8e_	d3k48d_
d7byee_	d7byee_
d2mf2b1	d7byee_
d6izha_	d6izha_
d3mqwc1	d6izha_
d2ewcb_	d6izha_
d1vm6c2	d1vm6c2
d1c3vb2	d1vm6c2
d2gufa_	d2gufa_
d5fokb1	d2gufa_
d1x4ta1	d1x4ta1
d5gmkh_	d1x4ta1
d2qrra1	d2qrra1
d2qswa1	d2qrra1
d3ceda1	d2qrra1
d1h0za_	d1h0za_
d1uuca_	d1h0za_
d1yqhb_	d1yqhb_
d2ekyb_	d1yqhb_
d2iboa1	d1yqhb_
d1yvua4	d1yvua4
d1u04a4	d1yvua4
d1we9a1	d1we9a1
d1wepa1	d1we9a1
d5je8d2	d5je8d2
d4dlla2	d5je8d2
d2j43b2	d2j43b2
d2j44a2	d2j43b2
d1djgb2	d1djgb2
d2zkmx2	d1djgb2
d2ep6a1	d1djgb2
d2uzpb_	d1djgb2
d6btzc_	d1djgb2
d1cjya1	d1djgb2
d2heyt3	d2heyt3
d5t2qb1	d2heyt3
d1sg1x3	d2heyt3
d1ft4a1	d2heyt3
d2m38a_	d2m38a_
d1oy2a_	d2m38a_
d4dbba_	d2m38a_
d6u6sb_	d6u6sb_
d1ev0b_	d6u6sb_
d3rmub1	d3rmub1
d2qh0a1	d3rmub1
d3gm5a1	d3rmub1
d5wq3c_	d5wq3c_
d3quab_	d5wq3c_
d4npad2	d5wq3c_
d7bipb_	d7bipb_
d3raob1	d7bipb_
d3fgca_	d7bipb_
d1rifb_	d1rifb_
d1wp9c1	d1rifb_
d2eyqb3	d1rifb_
d4o9kb_	d4o9kb_
d2rc3b2	d4o9kb_
d1qilb2	d1qilb2
d6ucdb1	d1qilb2
d2bmya_	d2bmya_
d2nu5a_	d2bmya_
d1nc8a_	d1nc8a_
d2l4la_	d1nc8a_
d2fcka1	d2fcka1
d1s7nb_	d2fcka1
d3igrb_	d2fcka1
d2fsra1	d2fcka1
d2j2fa_	d2j2fa_
d1za0a1	d2j2fa_
d1w6ka2	d1w6ka2
d1gszc2	d1w6ka2
d1h1ob1	d1h1ob1
d1cnof_	d1h1ob1
d1etpb2	d1h1ob1
d2gnoa2	d2gnoa2
d1a5ta2	d2gnoa2
d1vl7a_	d1vl7a_
d2arza1	d1vl7a_
d5j6cb_	d5j6cb_
d6tyka_	d5j6cb_
d3ge6b_	d5j6cb_
d1jb6a_	d1jb6a_
d1f93h_	d1jb6a_
d2f2eb_	d2f2eb_
d7bzea_	d2f2eb_
d4hqma_	d2f2eb_
d3cgwa_	d3cgwa_
d2o2za1	d3cgwa_
d4gqwa_	d4gqwa_
d3kpbd_	d4gqwa_
d1pbja3	d4gqwa_
d2rifa1	d4gqwa_
d1o50a3	d4gqwa_
d3ddja2	d4gqwa_
d3mkvf1	d3mkvf1
d2qs8a1	d3mkvf1
d3be7a1	d3mkvf1
d1onwa1	d3mkvf1
d2c6ba_	d2c6ba_
d2cr8a1	d2c6ba_
d1a6fa_	d1a6fa_
d1nz0d_	d1a6fa_
d2ljpa_	d1a6fa_
d1wlma1	d1wlma1
d1pula1	d1wlma1
d1rtta_	d1rtta_
d3gfrd_	d1rtta_
d1t0ib_	d1rtta_
d2hklb2	d2hklb2
d7a10a2	d2hklb2
d7cjjd_	d7cjjd_
d2j8dm_	d7cjjd_
d3cb0b_	d3cb0b_
d2ecub_	d3cb0b_
d2b7pb1	d2b7pb1
d3tqva1	d2b7pb1
d3l0gc1	d2b7pb1
d1cqxa2	d1cqxa2
d1krhb1	d1cqxa2
d2crja1	d2crja1
d1k99a1	d2crja1
d1wgfa1	d2crja1
d1wz6a1	d2crja1
d2mrca_	d2crja1
d5vwea_	d2crja1
d2rtua1	d2crja1
d1k7ba1	d1k7ba1
d1n7da7	d1k7ba1
d2m0pa_	d1k7ba1
d2qyhb_	d2qyhb_
d1kyta1	d2qyhb_
d2b1ra_	d2qyhb_
d6ac5a_	d6ac5a_
d2gf5a1	d6ac5a_
d2eama1	d2eama1
d3sena2	d2eama1
d2e8na1	d2eama1
d2f44a_	d2eama1
d1h8pb2	d1h8pb2
d1l6ja3	d1h8pb2
d1npia_	d1npia_
d4kypa_	d1npia_
d1t1ta_	d1npia_
d3w67b1	d3w67b1
d6f0ea1	d3w67b1
d4uyba1	d3w67b1
d3kd6b_	d3kd6b_
d2nwha_	d3kd6b_
d3looa_	d3kd6b_
d1pfta_	d1pfta_
d1dl6a_	d1pfta_
d1gxba1	d1gxba1
d2elca1	d1gxba1
d1khdc1	d1gxba1
d2diwa1	d2diwa1
d1szaa1	d2diwa1
d4nacb1	d2diwa1
d4q6ba_	d4q6ba_
d1qo0b_	d4q6ba_
d1be3k_	d1be3k_
d1sqqk1	d1be3k_
d3pp6c_	d3pp6c_
d1mdca_	d3pp6c_
d1v64a1	d1v64a1
d1v63a1	d1v64a1
d3brjb_	d3brjb_
d2hkta_	d3brjb_
d3oj6a_	d3oj6a_
d3r2nd1	d3oj6a_
d6k63a2	d3oj6a_
d1af2a1	d3oj6a_
d5wb8c_	d5wb8c_
d5wb7g_	d5wb8c_
d1hrea_	d5wb8c_
d2yvjp3	d2yvjp3
d1q1ra3	d2yvjp3
d3r5xa2	d3r5xa2
d3k3pa1	d3r5xa2
d2huja1	d2huja1
d2im8a_	d2huja1
d1gyhe_	d1gyhe_
d3c2ub1	d1gyhe_
d4crha1	d4crha1
d3kvta_	d4crha1
d4agha_	d4agha_
d2phea1	d4agha_
d4w4ub_	d4w4ub_
d4dhxc_	d4w4ub_
d1qypa1	d1qypa1
d1tfia_	d1qypa1
d1ou5b1	d1ou5b1
d1miva1	d1ou5b1
d1ilea2	d1ilea2
d1h3na2	d1ilea2
d1gaxa2	d1ilea2
d2c35b2	d2c35b2
d1go3m2	d2c35b2
d3elia1	d3elia1
d2k5ga1	d3elia1
d3h31a_	d3h31a_
d1isua_	d3h31a_
d1x2ib_	d1x2ib_
d1dgsa1	d1x2ib_
d4gr2a_	d4gr2a_
d4gr6a_	d4gr2a_
d5ju7a1	d5ju7a1
d4nhjb_	d5ju7a1
d5wqja1	d5wqja1
d1h4kx1	d5wqja1
d1yt8a3	d5wqja1
d2hgje1	d2hgje1
d1vq4b1	d2hgje1
d4luma1	d4luma1
d1uw8a_	d4luma1
d3rnsa2	d4luma1
d2c2ia1	d2c2ia1
d4ffue_	d2c2ia1
d3k67b_	d2c2ia1
d1pn4b2	d2c2ia1
d4lt6a3	d4lt6a3
d2hhpa3	d4lt6a3
d6aysh1	d6aysh1
d2qtta_	d6aysh1
d2zpoa_	d2zpoa_
d2p6zb_	d2zpoa_
d4x09a1	d2zpoa_
d1vkee_	d1vkee_
d2af7d_	d1vkee_
d1jnea1	d1jnea1
d1kfwa1	d1jnea1
d1eija_	d1eija_
d2crua1	d1eija_
d3gcfo1	d3gcfo1
d2ckfa1	d3gcfo1
d1nytb1	d1nytb1
d1npyb1	d1nytb1
d2a8yk_	d2a8yk_
d1yqqb_	d2a8yk_
d1j08c2	d1j08c2
d1nhoa_	d1j08c2
d7c10c_	d1j08c2
d2i2uf1	d2i2uf1
d1vmba_	d2i2uf1
d1xjva1	d1xjva1
d1qzga_	d1xjva1
d7nxjd2	d7nxjd2
d2ivxb2	d7nxjd2
d2jqta_	d2jqta_
d1jw2a_	d2jqta_
d1ov9a_	d1ov9a_
d1lr1a_	d1ov9a_
d1fafa_	d1fafa_
d1gh6a1	d1fafa_
d2y03a_	d2y03a_
d6rnka_	d2y03a_
d1vl1a_	d1vl1a_
d1frzb_	d1vl1a_
d2bghb1	d2bghb1
d2e1ta1	d2bghb1
d2i9ab1	d2i9ab1
d1tpga1	d2i9ab1
d1lgqb1	d1lgqb1
d1k3ja_	d1lgqb1
d1svva_	d1svva_
d1lw5d1	d1svva_
d1cunb2	d1cunb2
d1hcia2	d1cunb2
d3f31a_	d1cunb2
d1jyka1	d1jyka1
d1wvca1	d1jyka1
d6b5ef_	d1jyka1
d1yp2c2	d1jyka1
d2ow8o1	d2ow8o1
d2qbjn1	d2ow8o1
d4fdxa_	d4fdxa_
d6ogme_	d4fdxa_
d3abfa_	d4fdxa_
d2fvga2	d2fvga2
d2grem2	d2fvga2
d6eigb_	d6eigb_
d1h2sa_	d6eigb_
d3d54e1	d3d54e1
d3ujna3	d3d54e1
d3ddtc_	d3ddtc_
d2djaa1	d3ddtc_
d3depa1	d3depa1
d2huga2	d3depa1
d2cpra1	d2cpra1
d2hbja1	d2cpra1
d1mbba1	d1mbba1
d3tx1a1	d1mbba1
d1tqyd2	d1tqyd2
d4ewga2	d1tqyd2
d1jida_	d1jida_
d1lnga_	d1jida_
d3dlva_	d1jida_
d5u8ra1	d5u8ra1
d3be1a3	d5u8ra1
d1of3a_	d1of3a_
d1pmhx_	d1of3a_
d5heka_	d5heka_
d1booa_	d5heka_
d2bkqa1	d2bkqa1
d1euva1	d2bkqa1
d1ecia_	d1ecia_
d1ecib_	d1ecia_
d2ejab_	d2ejab_
d4ay8a_	d2ejab_
d3egwa1	d3egwa1
d1tmoa2	d3egwa1
d4dxga1	d4dxga1
d1v1pb1	d4dxga1
d3bzwb_	d3bzwb_
d3dc7b2	d3bzwb_
d5epwa_	d5epwa_
d6g13d_	d5epwa_
d2ge8g_	d5epwa_
d1nh2d2	d1nh2d2
d1nvpd2	d1nh2d2
d3mspa_	d3mspa_
d2cria1	d3mspa_
d1k4ja1	d1k4ja1
d1ro5a1	d1k4ja1
d2jr2b2	d2jr2b2
d2juza1	d2jr2b2
d1x4za1	d1x4za1
d1uema1	d1x4za1
d2ibgb2	d1x4za1
d2yrza1	d1x4za1
d1ujta1	d1x4za1
d1gpqb_	d1gpqb_
d1hkea1	d1gpqb_
d1dbdb_	d1dbdb_
d1r8pb_	d1dbdb_
d1yvbi_	d1yvbi_
d6ztka_	d1yvbi_
d1hn2a_	d1hn2a_
d2r73c_	d1hn2a_
d5axwa2	d5axwa2
d4cmpa2	d5axwa2
d1viia_	d1viia_
d1ujsa1	d1viia_
d1qabe_	d1qabe_
d2hzra_	d1qabe_
d4ei2i2	d4ei2i2
d1vcta2	d4ei2i2
d1ccva_	d1ccva_
d2h9ec_	d1ccva_
d3pcoc1	d3pcoc1
d2iy5a1	d3pcoc1
d4a4ea_	d4a4ea_
d5yj8a1	d4a4ea_
d5ltva_	d5ltva_
d3libd_	d5ltva_
d4xmqb1	d5ltva_
d5ysza1	d5ysza1
d2lcva_	d5ysza1
d1jfsa1	d5ysza1
d1uxca_	d5ysza1
d1g6ob_	d1g6ob_
d1p9ra1	d1g6ob_
d2ch5b1	d2ch5b1
d1zc6a2	d2ch5b1
d1x3da1	d1x3da1
d1wk0a1	d1x3da1
d3dvxa1	d3dvxa1
d1un2a_	d3dvxa1
d3feua1	d3dvxa1
d2fgea4	d2fgea4
d1q2la4	d2fgea4
d3bw7a1	d3bw7a1
d2bvhc2	d3bw7a1
d2ihvb3	d2ihvb3
d2ji6a3	d2ihvb3
d2r3va2	d2r3va2
d1visa2	d2r3va2
d1s4ei2	d2r3va2
d1agxa_	d1agxa_
d2h7kb_	d1agxa_
d4hs5a_	d4hs5a_
d1xaqa1	d4hs5a_
d1jfia_	d1jfia_
d7c9pd_	d1jfia_
d1b59a1	d1b59a1
d1xgma1	d1b59a1
d3k96a1	d3k96a1
d1txga2	d3k96a1
d1bg6a2	d3k96a1
d3dooa1	d3dooa1
d1npyb2	d3dooa1
d6h7ya1	d6h7ya1
d1f2oa_	d6h7ya1
d1xb2b3	d1xb2b3
d1efud2	d1xb2b3
d2xsta_	d2xsta_
d1epab_	d2xsta_
d3qkga_	d2xsta_
d1qsdb_	d1qsdb_
d1h7ca_	d1qsdb_
d1afa21	d1afa21
d3l9jc_	d1afa21
d2i6fa_	d2i6fa_
d5te9a_	d2i6fa_
d2hrxa1	d2hrxa1
d2gzoa1	d2hrxa1
d1gxua_	d1gxua_
d1ulra_	d1gxua_
d1urra_	d1gxua_
d1x4ma1	d1x4ma1
d1we8a1	d1x4ma1
d1wvna1	d1x4ma1
d2anra1	d1x4ma1
d2ctma1	d2ctma1
d2ctla1	d2ctma1
d2ctea1	d2ctma1
d1gaba_	d1gaba_
d1gjsa_	d1gaba_
d2mh8a_	d1gaba_
d4ba1i1	d4ba1i1
d2ba0a2	d4ba1i1
d2cxha1	d2cxha1
d1w94b1	d2cxha1
d5ct4b_	d5ct4b_
d4gw3a_	d5ct4b_
d6s1wa_	d6s1wa_
d1mvpb_	d6s1wa_
d1u0kb2	d1u0kb2
d1u1xa2	d1u0kb2
d3ednb2	d1u0kb2
d2gj3b_	d2gj3b_
d4kuka1	d2gj3b_
d4jspa1	d4jspa1
d3dpda4	d4jspa1
d6i2qb_	d6i2qb_
d1uhta1	d6i2qb_
d1rhfb1	d1rhfb1
d1nbqa1	d1rhfb1
d2dl9a1	d1rhfb1
d3grwa2	d1rhfb1
d3ifvb1	d3ifvb1
d3aizd1	d3ifvb1
d1fnnb1	d1fnnb1
d1w5sa1	d1fnnb1
d1mu7b2	d1mu7b2
d3sq3b2	d1mu7b2
d1wiha1	d1wiha1
d1ge9a_	d1wiha1
d1r5ba1	d1r5ba1
d1skqa1	d1r5ba1
d6r2ue2	d6r2ue2
d1u58a1	d6r2ue2
d3tvme2	d6r2ue2
d1m12a1	d1m12a1
d1qdma1	d1m12a1
d1xdqc_	d1xdqc_
d1soxb3	d1xdqc_
d1skqa2	d1skqa2
d1r5ba2	d1skqa2
d5w75c3	d1skqa2
d3e8pa_	d3e8pa_
d3dkzb_	d3e8pa_
d2cy9b_	d3e8pa_
d2hboa1	d3e8pa_
d1xfka_	d1xfka_
d2eivh_	d1xfka_
d2lsta1	d2lsta1
d1j08b1	d2lsta1
d1hyua3	d2lsta1
d1gdha2	d1gdha2
d1ygyb2	d1gdha2
d1psdb2	d1gdha2
d2i4ra1	d2i4ra1
d2qaia_	d2i4ra1
d2d00a1	d2i4ra1
d5buma_	d5buma_
d5k2la_	d5buma_
d5bo4m2	d5bo4m2
d2izva1	d5bo4m2
d1jlxa2	d1jlxa2
d1jlxa1	d1jlxa2
d2bkla2	d2bkla2
d2hu5b2	d2bkla2
d5uq9h1	d5uq9h1
d3w6ua1	d5uq9h1
d1uwya1	d1uwya1
d1qmua1	d1uwya1
d1kvka1	d1kvka1
d1kkha1	d1kvka1
d2i5ka1	d2i5ka1
d6g9va_	d2i5ka1
d1e3ja2	d1e3ja2
d1kolb2	d1e3ja2
d1kevb2	d1e3ja2
d1llue2	d1e3ja2
d1uusa3	d1uusa3
d6tlcb3	d1uusa3
d2e1ta2	d2e1ta2
d2bghb2	d2e1ta2
d4n3ej_	d4n3ej_
d2flhd_	d4n3ej_
d3rjoa1	d3rjoa1
d4fyta3	d3rjoa1
d1z5ha3	d3rjoa1
d1qjsb2	d1qjsb2
d1itva_	d1qjsb2
d2beja_	d2beja_
d6nzja_	d2beja_
d3eq5f_	d3eq5f_
d1l8rb_	d3eq5f_
d1gn0a_	d1gn0a_
d1qxnb1	d1gn0a_
d1nwja1	d1nwja1
d2qyca1	d1nwja1
d1t1rb3	d1t1rb3
d1r0kc2	d1t1rb3
d1dlea_	d1dlea_
d3h7ob_	d1dlea_
d1y7ra1	d1y7ra1
d2atra1	d1y7ra1
d2bj7b1	d2bj7b1
d1q5vc1	d2bj7b1
d2q3vb_	d2q3vb_
d7dl8c_	d2q3vb_
d2hgj51	d2hgj51
d1vs611	d2hgj51
d1ecaa_	d1ecaa_
d2xkga_	d1ecaa_
d3dypa4	d3dypa4
d1yq2e1	d3dypa4
d1ewrb3	d1ewrb3
d1e3mb3	d1ewrb3
d3fema_	d3fema_
d5z9ya_	d3fema_
d7c96b_	d7c96b_
d5o75a_	d7c96b_
d1vrda1	d1vrda1
d6a0ya_	d1vrda1
d1fr3g_	d1fr3g_
d1h9ja1	d1fr3g_
d6bcja2	d6bcja2
d5vkqa2	d6bcja2
d6k40a_	d6k40a_
d2ouwa1	d6k40a_
d1wbaa_	d1wbaa_
d3tc2a_	d1wbaa_
d2fq4a1	d2fq4a1
d2id3b1	d2fq4a1
d1bl0a2	d1bl0a2
d1d5ya2	d1bl0a2
d3op1c2	d3op1c2
d2i1la1	d3op1c2
d2c8ie4	d2c8ie4
d1ghqc2	d2c8ie4
d2gjka1	d2gjka1
d1w36d1	d2gjka1
d1meda_	d1meda_
d1rqga3	d1meda_
d3d31d1	d3d31d1
d3puxg_	d3d31d1
d2o2yc_	d2o2yc_
d7klia_	d2o2yc_
d1c72b1	d1c72b1
d2gsqa1	d1c72b1
d3ik7a2	d1c72b1
d1oktb1	d1c72b1
d1zl9b2	d1c72b1
d2caib1	d1c72b1
d1jjga_	d1jjga_
d1luzb_	d1jjga_
d2dt6a1	d2dt6a1
d2dt7b1	d2dt6a1
d2qi2a3	d2qi2a3
d4af1a3	d2qi2a3
d2zrma2	d2zrma2
d1xp8a2	d2zrma2
d1zoya2	d1zoya2
d1chua3	d1zoya2
d2fp7a1	d2fp7a1
d2foma1	d2fp7a1
d1ea9d2	d1ea9d2
d1smaa2	d1ea9d2
d1hy5a_	d1hy5a_
d1he1a1	d1hy5a_
d1o12b1	d1o12b1
d1p1ma1	d1o12b1
d5gjka_	d5gjka_
d2coma1	d5gjka_
d2cbga_	d2cbga_
d1xktb1	d2cbga_
d3rzva_	d3rzva_
d5w83b_	d3rzva_
d5dcaj_	d3rzva_
d1z7ef1	d1z7ef1
d5uaib2	d1z7ef1
d1rhxa_	d1rhxa_
d2d1pc1	d1rhxa_
d1o9yc_	d1o9yc_
d5xrwc_	d1o9yc_
d1f1ea_	d1f1ea_
d1ku5b_	d1f1ea_
d4ph0f2	d4ph0f2
d7no0a2	d4ph0f2
d1jnra2	d1jnra2
d2wu5a1	d1jnra2
d1h3la_	d1h3la_
d1or7b2	d1h3la_
d6m37d_	d6m37d_
d1h4yb_	d6m37d_
d1b8wa_	d1b8wa_
d1d6ba_	d1b8wa_
d2pe8a1	d2pe8a1
d1jmta_	d2pe8a1
d5ljic_	d5ljic_
d2fz5a1	d5ljic_
d6n54b_	d6n54b_
d2gesa_	d6n54b_
d5diha1	d5diha1
d3nwga2	d5diha1
d4zxoa1	d4zxoa1
d2bvda_	d4zxoa1
d1ezaa2	d1ezaa2
d2x0sa2	d1ezaa2
d4uc4b2	d4uc4b2
d2diga1	d4uc4b2
d3lplb1	d3lplb1
d5hjea1	d3lplb1
d2vyoa_	d2vyoa_
d4l1ga_	d2vyoa_
d1wwza1	d1wwza1
d4e2aa_	d1wwza1
d2fl4a1	d1wwza1
d5jpha1	d1wwza1
d6erdb1	d1wwza1
d2kztb_	d2kztb_
d1ug3a1	d2kztb_
d4qvbb_	d4qvbb_
d1rfea_	d4qvbb_
d2do1a1	d2do1a1
d1zrja1	d2do1a1
d1kzla1	d1kzla1
d4e0fc2	d1kzla1
d1yq2d3	d1yq2d3
d2vzva1	d1yq2d3
d4cu7a1	d1yq2d3
d1oqka_	d1oqka_
d1pc0a_	d1oqka_
d4lctb1	d4lctb1
d4cr2r1	d4lctb1
d1p22a1	d1p22a1
d2ovpb1	d1p22a1
d1exka_	d1exka_
d1nlta3	d1exka_
d4kl5a1	d4kl5a1
d7cfva_	d4kl5a1
d4keia_	d4keia_
d3jrra_	d4keia_
d3qf2a_	d3qf2a_
d1pn5a1	d3qf2a_
d1hz8a2	d1hz8a2
d1emoa2	d1hz8a2
d5l0rb_	d1hz8a2
d6m3bd1	d1hz8a2
d2w2ne1	d1hz8a2
d3gisx3	d1hz8a2
d1cn4b2	d1cn4b2
d2gysb4	d1cn4b2
d6oelc1	d1cn4b2
d2a9fb1	d2a9fb1
d7mf4a1	d2a9fb1
d2bdva1	d2bdva1
d2f20b2	d2bdva1
d5y7ia2	d5y7ia2
d5xfta2	d5y7ia2
d3uaib_	d3uaib_
d2ausd_	d3uaib_
d3o8yb1	d3o8yb1
d2wxua2	d3o8yb1
d7o6ey_	d7o6ey_
d5ouza_	d7o6ey_
d1kloa1	d1kloa1
d1npeb2	d1kloa1
d5t17a_	d5t17a_
d1qfra_	d5t17a_
d3e11b2	d3e11b2
d2ejqa1	d3e11b2
d7ckva1	d7ckva1
d3s7pa2	d7ckva1
d1cmwa5	d1cmwa5
d3h8ja1	d1cmwa5
d1w4xa1	d1w4xa1
d2bi7a1	d1w4xa1
d1djnb3	d1w4xa1
d3f0ib1	d3f0ib1
d3l78a_	d3f0ib1
d5mcsa_	d5mcsa_
d6tsyb_	d5mcsa_
d3ifqa_	d3ifqa_
d1xm9a1	d3ifqa_
d1sn2a_	d1sn2a_
d3qvac_	d1sn2a_
d1x5wa2	d1x5wa2
d3znfa_	d1x5wa2
d1jvnb1	d1jvnb1
d4gj1a_	d1jvnb1
d6xb9g_	d6xb9g_
d6bgfa_	d6xb9g_
d4p2ba1	d4p2ba1
d2zlza_	d4p2ba1
d1b74a2	d1b74a2
d2zskb2	d1b74a2
d5d9ba_	d5d9ba_
d2dsoc2	d5d9ba_
d5wtac2	d5wtac2
d1n67a2	d5wtac2
d1j9ct1	d1j9ct1
d2ec9u_	d1j9ct1
d1cura_	d1cura_
d2aana_	d1cura_
d1y0hb_	d1y0hb_
d2bbea_	d1y0hb_
d1k3wa1	d1k3wa1
d1tdha1	d1k3wa1
d2d0pb_	d2d0pb_
d1iwpe_	d2d0pb_
d1mkma1	d1mkma1
d3k2za1	d1mkma1
d4c7ob1	d4c7ob1
d1vmab1	d4c7ob1
d2bjob_	d2bjob_
d1ukka_	d2bjob_
d2a6cb2	d2a6cb2
d2o38a1	d2a6cb2
d1elpa1	d1elpa1
d4iaua_	d1elpa1
d1iq8b3	d1iq8b3
d2q07a1	d1iq8b3
d2rjma3	d2rjma3
d1nbqb2	d2rjma3
d1o4ta_	d1o4ta_
d2dctb_	d1o4ta_
d3j9td1	d3j9td1
d3j9tc1	d3j9td1
d3fgya1	d3fgya1
d1tuha_	d3fgya1
d2jw6a_	d2jw6a_
d2dana1	d2jw6a_
d1imoa1	d1imoa1
d3qvgb1	d1imoa1
d5dwda_	d5dwda_
d3u0va_	d5dwda_
d4q47b3	d4q47b3
d2axla1	d4q47b3
d2ewla1	d2ewla1
d2b9db2	d2ewla1
d5vq4b_	d5vq4b_
d3pdic_	d5vq4b_
d2jbwb1	d2jbwb1
d3fcya_	d2jbwb1
d2dn7a1	d2dn7a1
d1x5ya1	d2dn7a1
d2crza1	d2dn7a1
d5x4sa_	d5x4sa_
d6j11a_	d5x4sa_
d4dk9a_	d4dk9a_
d1rrsa1	d4dk9a_
d1bgxt1	d1bgxt1
d1ut5a1	d1bgxt1
d2bhua1	d2bhua1
d1eh9a1	d2bhua1
d1gmia_	d1gmia_
d1bdya_	d1gmia_
d1n5xb4	d1gmia_
d3c9ta2	d3c9ta2
d2z1fa2	d3c9ta2
d3d85d1	d3d85d1
d1n26a1	d3d85d1
d2k8ea1	d2k8ea1
d2k8ea2	d2k8ea1
d1xuva1	d1xuva1
d3uida1	d1xuva1
d5fjqc_	d5fjqc_
d5vg0a_	d5fjqc_
d6p44b_	d6p44b_
d2z7ac_	d6p44b_
d2dy1a1	d2dy1a1
d5tv2a2	d2dy1a1
d1efub4	d1efub4
d1xb2b2	d1efub4
d4zo2b_	d4zo2b_
d1ztca1	d4zo2b_
d1ubdc4	d1ubdc4
d1ncsa_	d1ubdc4
d2affa_	d2affa_
d3fm8b_	d2affa_
d2ez2a_	d2ez2a_
d3ecdb_	d2ez2a_
d3q18b2	d3q18b2
d6ep6b2	d3q18b2
d1t0oa1	d1t0oa1
d1uasa1	d1t0oa1
d5intb_	d5intb_
d1p9oa_	d5intb_
d1dapa1	d1dapa1
d1b7go1	d1dapa1
d4wl2a_	d4wl2a_
d5y7pa1	d4wl2a_
d2i0za1	d2i0za1
d1ryid1	d2i0za1
d2dkla1	d2dkla1
d1wjia1	d2dkla1
d1joaa1	d1joaa1
d1f3pa1	d1joaa1
d1fl2a1	d1joaa1
d1dq3a4	d1dq3a4
d1b24a2	d1dq3a4
d1vj7b2	d1vj7b2
d5dedh_	d1vj7b2
d4grib2	d4grib2
d5h4va2	d4grib2
d1rgoa2	d1rgoa2
d2fc6a1	d1rgoa2
d1tf6d1	d1tf6d1
d1tf6a4	d1tf6d1
d4doza2	d4doza2
d6ifka3	d4doza2
d1zaka2	d1zaka2
d1akeb2	d1zaka2
d1aiwa_	d1aiwa_
d1e6rb1	d1aiwa_
d1tela2	d1tela2
d2zvib1	d1tela2
d2d1hb_	d2d1hb_
d1ku9b_	d2d1hb_
d1h3ea2	d1h3ea2
d1jh3a_	d1h3ea2
d2o4xb_	d2o4xb_
d3fdra_	d2o4xb_
d1jqga2	d1jqga2
d1kwma2	d1jqga2
d2gz4a1	d2gz4a1
d11asa_	d2gz4a1
d1qgba1	d1qgba1
d2ckua1	d1qgba1
d1wg8b2	d1wg8b2
d1eiza_	d1wg8b2
d3jxsb_	d3jxsb_
d1guia_	d3jxsb_
d3qp3b1	d3qp3b1
d6hcib_	d3qp3b1
d1yela1	d1yela1
d5os9b_	d1yela1
